url,title,play,user
/playlist?id=2829883282,[华语私人订制] 最懂你的华语推荐 每日更新35首,52567万,网易云音乐
/playlist?id=5366242296,每天都在崩溃与自愈中期待变得更好啊,14万,真爱喝柠檬茶
/playlist?id=2618915549,你搜不到的土嗨神曲,9587万,孤单又灿烂的神丨鬼怪
/playlist?id=3088403692,中国摇滚30年图鉴：永远年轻 永远热泪盈眶,1114万,宁遇夏
/playlist?id=3080165816,【纯音乐】温柔治愈系纯音乐,794万,你今天真真真好看
/playlist?id=5198528623,说唱新世代||W8VES（未完待续）,46万,是谁又偷懒了
/playlist?id=4946368509,是你的垚/刘大壮/王小帅/王泽科,722万,小攀哟
/playlist?id=2715933347,精选｜Cover的那些循环歌曲,6565万,情感文字君
/playlist?id=2882042971,迷 人 嗓 音,688万,今晚磕到死
/playlist?id=5321532436,刘大壮/是你的垚/王泽科/王巨星/王小帅,247万,旺仔不是牛奶ovo-
/playlist?id=4886872766,偶尔动情记得醒,122万,恨禁
/playlist?id=3050189724,你才多大，就开始不相信爱情了,132万,长夜看海
/playlist?id=2918766270,国产HIPHOP 这一个歌单就够了,918万,一泽万EZ
/playlist?id=3011619524,走开，我占有欲太强了,135万,长夜看海
/playlist?id=5029989293,我在银河便利店，想给你的星球寄一封信,61万,盼你温柔
/playlist?id=3039496128,100种民谣女声 带你去感受星辰万物,971万,宁遇夏
/playlist?id=3084306961,台剧 | 想见你 电视原声带,425万,渝曉曉
/playlist?id=5023733422,『说唱新世代』全收录,133万,小薛鸭鸭
/playlist?id=2847841459,写作业时听的歌/刷题歌单.,389万,春櫻野奈
/playlist?id=4912458725,【民谣】安静的听歌♥安静的想你,341万,SG丶我叫张坏坏
/playlist?id=3214584675,篮球巨星科比，再见,335万,Gotnofears_ShowLo
/playlist?id=2959254385,世界最强Flow最炸说唱集合体,922万,akaalaala
/playlist?id=5206444057,说唱新世代 『同步更新』,114万,AzR_Teli
/playlist?id=5310854459,你和别人炫耀过他吗,141万,韩羡Y
/playlist?id=5128390910,小破站『说唱新世代』第一季歌单完结,94万,玉米地之歌
/playlist?id=5086089333,时光与念想：你是他人无法比拟的糖,358万,大肥猫好可爱哟
/playlist?id=3121760389,国风说唱 | 侠客少年江湖行,100万,远房小姑
/playlist?id=5055874943,高考加油：星光不问赶路人 岁月不负有心人,186万,可你怎么总是忘记我很爱你
/playlist?id=2771839415,隔壁老樊与解忧邵帅,796万,小道先森
/playlist?id=2849230282,说唱伴奏丨FREE BEAT免费伴奏FREEBEAT,43万,1t在打工
/playlist?id=2961160477,享受說唱flow狂轟亂炸,394万,门三爱吃馕包肉
/playlist?id=4909785318,♥︎Rap BEAT♥︎——【说唱伴奏】CHILL,266万,KIND_CQ
/playlist?id=2965476076,高质量中文rap☞甜甜的说唱情歌(持续更新）,221万,Hell_killer
/playlist?id=5201032294,说唱新世代 每首我都爱（持更...),125万,ZiJianHan
/playlist?id=4926388301,酷中带甜 | Rapper旋律说唱,130万,芙木2046
/playlist?id=5086103686,女孩子少一点胡思乱想就多一份快乐,357万,大肥猫好可爱哟
/playlist?id=5194817810,晚安 | 醒来后再胡搅蛮缠的一切都亮了起来,283万,空气很颓废
/playlist?id=5196798457,说唱新世代（说唱新时代）,169万,molan-
/playlist?id=4869164805,私藏 | 值得循环的Cover合集,910万,她的水彩笔
/playlist?id=3029911353,那些10w热评的中文歌,83万,我鲁班不坑
/playlist?id=5305573963,Rapper的浪漫，没人顶得住！,207万,云音乐歌单之友
/playlist?id=2602222983,精选 | 网络热歌分享,49956万,情感文字君
/playlist?id=3184705942,神仙翻唱：超好听的男生翻唱集鸭,808万,小攀哟
/playlist?id=5073782181,所有好运都会与你撞个满怀,217万,大肥猫好可爱哟
/playlist?id=3029459640,「旋律hiphop 」私人定制,911万,嘻哈收音机
/playlist?id=5237416818,中国新生代 | 那些崛起的说唱后浪们,46万,薛定谔的缝纫机
/playlist?id=5127413460,超好听的 翻唱+原创（热歌）,77万,抖音兵权
/playlist?id=3102038199,音乐综艺Live，你的独家记忆,71万,曲库小护士
/playlist?id=5176143391,偷偷许愿：你喜欢的一切，最后都会属于你,345万,mayuko然
/playlist?id=3101978600,【90年代影视】专属记忆，经典私藏,193万,曲库小护士
/playlist?id=5016011541,粤语说唱/广东/香港/澳门/南方力量/HIPHOP,18万,士多啤梨少女Strawberry
/playlist?id=5255959464,月光所照 皆是故乡,160万,大肥猫好可爱哟
/playlist?id=5175871316,中国新说唱1-2季歌曲全收录,218万,网易云音乐
/playlist?id=4870662268,【励志歌单】适合学习的BGM,425万,博儿要努力奋斗up
/playlist?id=3168423108,Rapper超甜 | 沉溺在你爱的告白,292万,远房小姑
/playlist?id=4899336347,说唱听我的2020（已更新）,176万,Rootskool杂货铺
/playlist?id=5045941917,你要偷偷厉害，万事皆可期待,572万,mayuko然
/playlist?id=3085534147,「Hiphop」初听惊艳再听上瘾的国风说唱,239万,_-JeffreyY-_
/playlist?id=3175331452,有没有一首歌对你来说意义非凡,48万,止于言情u
/playlist?id=5318604184,在 你 眼 中 我 是 谁,173万,KIND_CQ
/playlist?id=4983225853,精选丨超级温柔的男声,68万,温差感
/playlist?id=4989741851,疗愈星河深处，让伤感优雅的落幕,219万,灬松风竹影
/playlist?id=5297843747,地下8英里全国总决赛2020,84万,地下8英里官方
/playlist?id=5281964966,♥︎声控福利♥︎温柔男友嗓音,114万,岛屿下
/playlist?id=4932781493,我这么差劲怎么会成为别人的遗憾.,184万,总裁小妾
/playlist?id=5051433464,华语说唱 | 非战斗人员请撤离,199万,饭饭之交c
/playlist?id=5098533900,高考查成绩的那天 希望这天你是满心欢喜,311万,螚安Vivienne
/playlist?id=2972636860,精选｜那些超好听循环歌曲,645万,RJH国荣
/playlist?id=4981959875,希望嘴边的碎碎念念，变成身边的岁岁年年,159万,望你眼中风起
/playlist?id=5039972493,刘大壮歌曲合集,31万,依旧赵小花吖
/playlist?id=3091047129,故作坚强丨当代成年人的崩溃瞬间,726万,原创君
/playlist?id=5257527804,路灯看久了 | 总觉得没有老家星星亮,34万,foreverallin
/playlist?id=5049851995,流行热歌丨神经病，没关系,120万,Belle蓓菈
/playlist?id=5012790280,失恋必听 | 如果真的失去 就假装从未拥有,164万,桑乔维塞
/playlist?id=4998130545,中国说唱|是金子总会发光,1071万,三亿资产肥治
/playlist?id=5010776572,民谣——永远是敲击心灵的那把小锤子,214万,菠菜含有铁
/playlist?id=5078855536,去犯错，去跌倒，去胜利，去用生命再创生命,220万,三亿资产肥治
/playlist?id=5008027636,夏天的风，吹皱了城市的喧嚣,252万,情思天鹅
/playlist?id=5090157185,富有很多旋律色彩的说唱，温柔而勇敢！,772万,三亿资产肥治
/playlist?id=2936830488,CMJ~纯音乐,133万,Mint_六七
/playlist?id=5127071989,治愈向| 听歌是抚慰情绪最好的良药,2501万,情思天鹅
/playlist?id=5362309759,未来很长，希望能有你陪伴,22万,贾嘉葭_
/playlist?id=5073846682,慢慢悠悠压马路，清新歌曲最合拍,167万,大肥猫好可爱哟
/playlist?id=5126389016,盛夏白瓷梅子汤，碎冰碰壁铛啷响,110万,扥你
/playlist?id=4898889857,一支榴莲|愿安,70万,苦口师kks
/playlist?id=3179260435,百听不腻的神曲《网络热歌》,63万,莫离-Nice
/playlist?id=5091008047,原来，爱情也有保质期。,75万,铁锨andRose
/playlist?id=5236905599,我想陪你喝秋天的第一杯奶茶,317万,小攀哟
/playlist?id=5312527113,怎样的归宿 才对得起满路的荆棘,52万,大肥猫好可爱哟
/playlist?id=5252260085,地铁歌单 治愈你通勤路上的孤独,787万,成都地铁_metro
/playlist?id=5212598517,你有多久没好好看看这世界了,447万,mayuko然
/playlist?id=3095776136,你最近过得好吗？,111万,请不要再遇见我
/playlist?id=4926920704,嘿，夜深了，你也睡不着吗,263万,格格酱GG
/playlist?id=5173283081,夜晚情绪库•总有人黑着眼眶修着仙,355万,螚安Vivienne
/playlist?id=5137419858,二十岁后的人生像是按了加快键,950万,空气很颓废
/playlist?id=3133706957,没结果的事情早点说【Rap】,18万,舍你其谁当我的est
/playlist?id=5328254815,//今日份的全糖去冰//情话Rap；情歌说唱,14万,Skr----------------
/playlist?id=5339779763,精选l 说唱新世代学员作品集,27万,偷偷的叹了口气
/playlist?id=5092121433,我爱你就像风走了千万里从不问归期,16万,最美不过皇冠海i_
/playlist?id=5266930794,伤感说唱 | 你从来没有爱过我 | 丧rap,41万,欲望始终难抵你
/playlist?id=5267494165,伤感说唱 | 眼泪它不会说谎,53万,一片孤叶行舟
/playlist?id=4875099155,惊艳耳际，一秒倾心,27万,搞笑的酸葡萄
/playlist?id=5056562645,青春与理想 · 摇滚精选集,55万,嘻嘻嘻小霾
/playlist?id=4997902892,【中文说唱】最纯正的中文说唱flow合集,16万,想要盒乐高
/playlist?id=5171859722,2020|中国新说唱最火单曲,19万,里赛
/playlist?id=3180116971,马思唯是个角色,23万,低保真男孩拯救失眠
/playlist?id=5101473937,很遗憾没能好好接受爱,16万,Roy要努力
/playlist?id=5037931817,「女声Rap」 优雅不失态度的国产酷女孩,20万,音乐变革者-
/playlist?id=5184275286,KoI喜欢的腔调,13万,KoIKoIKoI_
/playlist?id=5091550227,微醺Hiphop | 扑通 醉倒在酿满爱的银河,50万,你要乖喔-
/playlist?id=4952954469,房东的猫/解忧邵帅/隔壁老樊/枯木逢春,30万,_南鸽先生_
/playlist?id=5310951194,伤感说唱 |走心旋律rap,90万,剧终人散以后
/playlist?id=3041430743,伤感说唱rap | 假 如 生 活 欺 骗 了 你,79万,泡沫_sn428
/playlist?id=5307300900,好听的说唱单曲循环鸭～,17万,NoraEnPure_
/playlist?id=5247601029,综艺：《说唱新世代》+2020,17万,叽律叽
/playlist?id=5097488110,蓝色之夜丨偷一曲浪漫在梦里共舞,23万,在宁静的水坑路
/playlist?id=5104218269,让你单曲循环的华语流行歌单,31万,白咿呀白
/playlist?id=5214716001,中文说唱|真正有态度的都在这,41万,作曲家林轩
/playlist?id=5318994564,即使我做什么 都没有意义,17万,子木流弊
/playlist?id=5079225483,Rap beat | 自选说唱伴奏 | 持续更新,30万,柠檬味的TEA_
/playlist?id=3125270631,Hiphop说唱老字号,17万,Hiphop说唱站
/playlist?id=4875051831,甜 甜 的 情 歌｜就怕rapper说情话,14万,Linn_ec
/playlist?id=4946086065,睡觉前的情歌说唱;-),25万,我要逃学威龙
/playlist?id=5050617202,『华语优质说唱』建议随机播放,16万,Yanbiest
/playlist?id=5067152407,【炸裂说唱】-藏在黑暗里的凶狠狂兽-,28万,犯懒鲸Whale
/playlist?id=5363668156,饶 舌 情 歌,16万,CreepyCreepyCreepy
/playlist?id=5313558949,超级Nice的旋律~混合语种,35万,SG丶我叫张坏坏
/playlist?id=5212082664,「10W+」这些歌值得你单曲循环,35万,网抑且猫咪
/playlist?id=5163436388,〖值得学习的 HipHop说唱 顶尖Flow〗硬货,26万,VV就是DoubleV
/playlist?id=5028868381,难平的不是山海 是你的心.,17万,记得那次雨
/playlist?id=5310054125,精选说唱♥︎旋律rap♥︎单曲循环,62万,村雨丶J
/playlist?id=4892968882,「所念皆星河」CMJ纯音乐,13万,叶墨知凡
/playlist?id=4940909174,中文说唱的极致Flow,38万,Kolerchn-
/playlist?id=5105461585,私藏丨超级好听的男声,16万,温柔拥你
/playlist?id=5233525445,10w＋里的故事,29万,尝一口味
/playlist?id=5068534740,干嘛听苦情歌以为多浪漫,58万,孤身星河
/playlist?id=5257728225,前路慢慢行，记得欣赏路上的风景,76万,_狗十三-
/playlist?id=5189447581,愈疗基地 | 唯有孤独的人才是最强大,28万,圈圈的呆子
/playlist?id=4979961794,不要再随便心动了,13万,冉釉
/playlist?id=4975466366,盘点那些宝藏男生的歌声,22万,叫我温老师
/playlist?id=4993101179,远到而来这世间，把余生献给你热爱的故事,19万,我是追逐落叶的风
/playlist?id=5236645400,『中文说唱』 只想私藏的顶级国语Flow,165万,赛因Sin
/playlist?id=5300510213,好听到可以单曲循环,16万,名任瑞
/playlist?id=4927092687,福禄寿FloruitShow,24万,你会不会披星戴月
/playlist?id=5069238203,『中文说唱RAP』都市街头艺术家,52万,翼OG
/playlist?id=5311338984,民谣｜故事易写，年岁难唱,17万,想发短信给你
/playlist?id=5358988312,2020最后一个月，一切都会好起来,349万,mayuko然
/playlist?id=5044948257,跳完这支舞 我们在一起好不好,61万,冰镇桃子酱
/playlist?id=5307094608,你温柔的小动作，是我每晚最甜的糖,44万,驴子鬼
/playlist?id=5165884583,初秋的风总是温柔，拂去满身疲惫,21万,空山鹤行
/playlist?id=3115782596,失眠症候群(颜人中),26万,找到替代我的人了吗
/playlist?id=5341346595,微风和畅｜复古的小巷贩卖着冬天的暖阳,15万,海沉溪
/playlist?id=5307255753,温柔说唱｜全都是想悄悄念给你的冬日心事,29万,速冻病娇样本
/playlist?id=5258032428,音乐食疗｜请给我一缕阳光 一杯咖啡就好,43万,-KooTo-
/playlist?id=5092808871,你的名字这么好听一定会出现在录取通知书上,711万,后原
/playlist?id=2651036663,那些好听到爆了的歌,13462万,迟到得到
/playlist?id=5182211608,到点了，该来这里听歌了。,36万,你不值得我洗头-_
/playlist?id=2899768194,精选｜Cover翻唱百听不腻,3592万,情感文字君
/playlist?id=3122005043,网愈云，希望你开心,300万,茉瑾年
/playlist?id=2807168180,●°丨520首丨超级好听的翻唱合集丨,1461万,-SuyNer
/playlist?id=5044037131,各種風格好聽的音樂❤【每日更新】,93万,CGoneZ
/playlist?id=2864735012,超级好听的华语歌集 一秒沦陷,407万,曜曜没剑了
/playlist?id=4980274449,踏遍山河岁月 你便是温柔四季,130万,我该去见你了
/playlist?id=5073940451,去乘风破浪，毕业仍少年,255万,真爱喝柠檬茶
/playlist?id=3225536785,刘大壮/王巨星/是你的垚/颜人中/要不要买菜,189万,白净亭
/playlist?id=3186888222,开嗓即沉沦丨超好听女声翻唱集,582万,田秋飒
/playlist?id=5277115241,11月，拾起丢失的温柔与快乐,442万,念念念安娜
/playlist?id=5057384557,两情若是久长时，又岂在朝朝暮暮。,920万,三亿资产肥治
/playlist?id=5033113676,和你的距离，是一万次低头哭泣,1001万,大肥猫好可爱哟
/playlist?id=4994606690,惊醒的凌晨比失眠的夜更难熬,489万,决劣
/playlist?id=5174342143,在梦里等斑驳轻舟,20万,请你和我双向奔赴
/playlist?id=2919634195,目光所致 遗憾满身,93万,-俺没偷胖次
/playlist?id=5291319353,别丧了 给你100个热爱生活的理由,549万,YouTube视频推荐
/playlist?id=5296620329,你认真的样子真好看 无须凭借谁的光,308万,mayuko然
/playlist?id=3113740649,单恋的故事大多相似,369万,原创君
/playlist?id=5171962779,治愈向：满载温柔，等一个你,399万,流年忧光影
/playlist?id=5081242654,不用刻意合群，有趣的灵魂会互相吸引,56万,芦娃还是小学生
/playlist?id=5262940119,独自旅行，是一种站在街头谁也不等的自由,267万,念念念安娜
/playlist?id=5337772287,​做全世界的大人，只做你一个人的小朋友,295万,獨鎵誋憶
/playlist?id=5230507149,高甜 | 我一扑向你，就感到无限温柔啊~,15万,音乐人小蜜蜂
/playlist?id=5049085662,摆地摊专用BGM，要的就是回头率！,754万,念念念安娜
/playlist?id=5038176324,最全最好听的华语歌单✨,88万,一生向海
/playlist?id=3111177481,这份爱会不会让你也好疲惫,382万,决劣
/playlist?id=5337224440,渐行渐远的关系里 你还记得我吗,313万,mayuko然
/playlist?id=2682044074,精选｜耳熟的翻唱合集,12006万,情感文字君
/playlist?id=5210579403,【华语·情歌】因为你，我对人生满怀期待,244万,三亿资产肥治
/playlist?id=2921577629,『网易云热歌』热评10万+的歌,487万,T_T杰宇
/playlist?id=4994255449,星星还是那么亮 月亮还是在天上,1379万,决劣
/playlist?id=5248802372,今天的风是秋天的信差，带着我的思念吹向你,342万,柠檬木有枝
/playlist?id=5247794832,我总不能阻止你离开我吧,50万,会心疼我嘛
/playlist?id=5057330770,那些分手后才懂的故事，致失去的爱情。,1115万,三亿资产肥治
/playlist?id=2858470213,宝藏男孩温柔男声作业用 [中文],1265万,本秋oao
/playlist?id=4859300541,我想把这些甜甜的歌都唱给你听,277万,叶逐天
/playlist?id=5007847978,2020最强TOP歌手榜 非常非常非官方,63万,星际怪客-艾斯卡尔和佐培尔
/playlist?id=5128791065,就都是很棒的女生rap.甜甜的咸咸的歌,17万,BabyG野猫-SEV
/playlist?id=5031813559,青春唱片｜耳机分你，去见你想见的人吧,326万,望你眼中风起
/playlist?id=5056262940,开启心动模式，耳机里的糖分你一半,403万,我该去见你了
/playlist?id=4876185005,毕业季丨致我们终将逝去的青春,213万,七厘视线
/playlist?id=2902040893,「乐队的夏天」全收录,263万,枫jackie
/playlist?id=5235501125,姜云升/ 沙一汀EL/ 夏之禹,18万,kowiiblue
/playlist?id=4988043536,有时候真的没落魄过就不会醒,139万,决劣
/playlist?id=5179550307,“烟不停的抽，夜不停的熬”,36万,是风在心动
/playlist?id=3225325858,写作业必备歌单✨［百听不厌］,1622万,你是铁憨憨唔
/playlist?id=5359643899,人海漂流记｜让耳机诉说温暖，陪你孤单,96万,飞奔在夜晚-
/playlist?id=5226725233,跨过星河迈过月亮 去迎接更好的自己,299万,YouTube视频推荐
/playlist?id=5033911304,诗情画意总是在我们平淡的日子里，直到老去,1425万,三亿资产肥治
/playlist?id=5073777925,初见姑娘时，花开秋上,335万,大肥猫好可爱哟
/playlist?id=3217968597,致敬黑暗里的光 感谢你们点亮夜空,451万,窝在被子里哇
/playlist?id=5193451991,纵使时光老去，你我仍能做更好的自己,197万,看瓜的少年与猹
/playlist?id=5060247353,❥私藏丨温柔是人间宝藏,24万,枕乔
/playlist?id=5277242532,听说爱笑的人 心里都藏了很多故事,543万,YouTube视频推荐
/playlist?id=4987571592,“爱意东升西落”,99万,长夜看海
/playlist?id=2796821320,网络热播的那些神仙声音（持续更新）,4792万,情感文字君
/playlist?id=5155716443,心累了，偷偷丧一会吧,26万,饭盆哥哥
/playlist?id=5086003023,在最好的年纪，为最纯的梦想，尽最大的努力,216万,格格酱GG
/playlist?id=5300092303,“最怕温柔与爱抵不过新鲜感”,81万,万鲸成海丶
/playlist?id=5228987915,甜甜恋爱|你是我听的见的心动,33万,一颗豆子douzi
/playlist?id=5051426445,走心华语 | 你没走，在我脑海里徘徊。,319万,饭饭之交c
/playlist?id=5177537131,未来可期 | 生活百般滋味，你要微笑面对,336万,柠檬木有枝
/playlist?id=5150445575,好听的中文歌｜需要音乐拯救整日的疲惫,69万,半眠two
/playlist?id=3207465821,青春故事丨你的回忆曾有谁的身影,161万,原创君
/playlist?id=4898633360,「CN R&B Chill」烟雾弥漫，透着漂亮的光,92万,JazzLove
/playlist?id=4966174908,陷落美好，满溢温柔,228万,橘子觉主
/playlist?id=5335570346,生活只是个提问者，你自己才是答案,195万,七厘视线
/playlist?id=5081978234,一首一个爱而不得的故事,19万,听歌就完事辽
/playlist?id=5244744415,时光信笺：追寻年少最美的初衷,186万,苏奕杰
/playlist?id=5200037411,我听过很多翻唱，却忘不了原本的声音,14万,太合音乐集团
/playlist?id=5152332685,一切深情都是铺垫以后的悲情,1707万,当做那是梦趴
/playlist?id=5034564150,精选｜超好听的翻唱【Cover】集 偶有原创哦,71万,呐彭七岁呐
/playlist?id=5290060149,冬日光临，才发觉又想了你一个秋季,267万,何木期
/playlist?id=3212991548,「精选」女声翻唱,192万,偷窥人间
/playlist?id=5357388594,熬过所有的苦，就会遇见所有的好,226万,情思天鹅
/playlist?id=5191825668,【失恋·翻唱】前任就像已读的消息 阅后即焚,857万,三亿资产肥治
/playlist?id=5269272394,听到你的晚安后 我再也没有失眠了,434万,YouTube视频推荐
/playlist?id=5226383107,来日方长 你我都要奔赴更好的远方,454万,灬松风竹影
/playlist?id=4974525540,关于我们 皆是遗憾,1031万,决劣
/playlist?id=4921270596,每一首歌都值得单曲循环,231万,芦娃还是小学生
/playlist?id=3203915472,温柔男声 治愈你的满是伤疤,368万,梅格妮-妮
/playlist?id=5309924166,枕头藏着发霉的梦，梦里住着意难平的人,58万,Evelauren
/playlist?id=5356939826,因为有明天我们才能熬过长夜,15万,毕宿叁
/playlist?id=5320812668,我的爱意和冬日的初雪，一起如约而至,448万,看瓜的少年与猹
/playlist?id=5273081683,闲暇时光|音乐是送给自己最好的礼物,134万,穹空悠人心
/playlist?id=4901164140,中国好声音2020,239万,风轻轻飘随你笑
/playlist?id=5272449993,秋天来了，要一起踩枫叶吗？,521万,苏奕杰
/playlist?id=5213676055,“这次车窗起雾 不知道该写谁的名字”,69万,Young刘逸泽
/playlist?id=3060714692,你有多久没有对一个人心动过了,649万,mayuko然
/playlist?id=2929230550,浩瀚星空 | 银河系观光指南,399万,与银河对视
/playlist?id=5245721972,你是我这一辈子，都不想失联的爱,381万,念念念安娜
/playlist?id=5070087275,这个夏天 要一起喝橘子味的汽水吗,1559万,梅格妮-妮
/playlist?id=5304108450,想更好的生活，先让生活看到更好的你,324万,脅川
/playlist?id=5074680104,“半路下车的人很多，不必去挂念”,60万,风起日暮里
/playlist?id=4980255627,网络流行热歌 持续更新,279万,银河趣事收藏家
/playlist?id=5291257668,天冷了，想和你一起靠近温暖的事情,329万,七厘视线
/playlist?id=5286606525,有没有那么一首歌 刚好说中你的心事,450万,YouTube视频推荐
/playlist?id=5285707662,眉眼温柔，日子自然也变得可爱,17万,甜氧i
/playlist?id=5351565342,考研倒计时：你要悄悄拔尖，然后惊艳所有人,183万,艾琳艾德勒丶
/playlist?id=5155012212,致青春：每一首歌都是一个故事,332万,苏奕杰
/playlist?id=5326230575,故事的结尾，心上人都是远方人,294万,情思天鹅
/playlist?id=5078863885,网易云伤感音乐,168万,决劣
/playlist?id=5035261481,爱得太过卑微 不如知难而退,69万,星际小罗罗
/playlist?id=5033464627,你费尽心思错过我 是为了遇见谁,84万,盼你多添一笔
/playlist?id=2981177242,「翻唱」好听的歌永远没有完整版。,5430万,万幸与你识
/playlist?id=4861381735,好听到单曲循环,75万,我们再重蹈覆辙好不好Re
/playlist?id=5338754489,在等雪花，新年烟火，和最好的我们,264万,我该去见你了
/playlist?id=5339355798,「华语流行」那些念念不忘的，都成了风景,34万,我自清欢丨被嫌弃的唐唐的一生
/playlist?id=4995047049,浮现出的旋律，难以忘记一见钟情的美好。,1147万,三亿资产肥治
/playlist?id=4979868585,有人关心 才有资格下落不明,55万,望你眼中风起
/playlist?id=5189993487,『精选』在你心里我也许 只是你欣赏的风景,27万,哈儿憨胖
/playlist?id=5171049054,期待与你一次不经意而美好的相遇,107万,卡哇伊哦a
/playlist?id=4958439055,晚安，让所有坏心情在睡前都清零,401万,爱听歌的狗大叔
/playlist?id=2676200363,私藏『治愈歌单』,228万,雾散爱起_ovo
/playlist?id=5347841680,谁的青春不曾迷茫 遇见你才是我最大的幸运,345万,mayuko然
/playlist?id=5207048455,唱一首秋天情歌，让夕阳把完美和遗憾封存,394万,路游里
/playlist?id=5297835171,暖心华语|愿平淡的日子也泛着光,554万,爱听歌的狗大叔
/playlist?id=5039004880,五月天突然好想见到你 | 线上演唱会歌单,26万,五月未了
/playlist?id=5260286672,放下一天的疲惫，做些自己喜欢的事吧,508万,-情殇雨夜-
/playlist?id=5073343738,「夏日入侵」摘一把野果看日落,80万,鱼头太二
/playlist?id=5172065997,我对你何止是执迷不悟.,78万,暮徐
/playlist?id=5242153599,世間萬物皆苦,24万,可你还记得
/playlist?id=5068561643,| 开 口 沦 陷 | 神 仙 翻 唱,38万,明天我们吃什么好呢
/playlist?id=5326057518,遗憾吗 错过了,50万,那晚撕心裂肺-
/playlist?id=5234460060,哭完了吗 挂了,1013万,是为你做的歌单
/playlist?id=5234888649,变得温柔一些，生活也会顺遂很多,406万,念念念安娜
/playlist?id=5212378620,“一个过客就要了我半条命.”,391万,雾早已散尽了
/playlist?id=3232484836,总有人后来居上,504万,长夜看海
/playlist?id=3238497407,适合睡觉｜遇见即是上上签,51万,椰子有五百吨
/playlist?id=5340943658,没来得及说抱歉,43万,开始闪烁
/playlist?id=5077917002,你不如现实一点 先把书读好,88万,耗尽归途的光
/playlist?id=5336813604,故人重逢像老歌重唱，歌词没变只是意味深长,364万,予妳晚风
/playlist?id=5314401852,不管人生多煎熬，眉眼都要带着笑,328万,情思天鹅
/playlist?id=5089925585,寒来暑往秋收冬藏，希望我们越来越好,20万,少女遇猫咪
/playlist?id=5345097037,爱不是电影，却比电影更有戏剧性,37万,北方易先生
/playlist?id=5122649249,独立乐队指南丨优秀且神秘的时代浪潮,26万,宋寂寞-
/playlist?id=4929868107,把你的难过暂存这些歌里，只想你快乐,358万,mayuko然
/playlist?id=4878092729,她眼里温柔泛滥,173万,窥尽人间遗憾
/playlist?id=5329438731,「车载音乐」带着音乐一起去旅行,26万,虚空第一美少女
/playlist?id=5358751778,【献给今晚的情书】相互取暖度过漫漫长夜,204万,化石奶奶
/playlist?id=2733578777,精选丨翻唱合集,2468万,喜-歡-都-給-你
/playlist?id=5263041288,当努力成了人生常态，生活就充满希望,232万,流年忧光影
/playlist?id=3020068902,失恋后才听懂这些歌,593万,oreo灵
/playlist?id=5067580763,边 路 伤 感 歌 曲,162万,你独占春色
/playlist?id=5205099016,Emo Rap|丧到极致的中文说唱与君共勉,685万,一眼泪目的歌单啊
/playlist?id=5336587382,这个冬天也要和喜欢的人一起过呀,339万,柠檬木有枝
/playlist?id=5308273663,积极的心态像太阳，照到哪里哪里亮,329万,砚青钦墨
/playlist?id=4966650849,总有个人能让你卸下伪装 如孩子般天真,91万,原创君
/playlist?id=5357521575,生活在慢慢变甜变可爱，十二月一定会更好吧,311万,望你眼中风起
/playlist?id=5171892215,什么时候开始，我们没有联系了,125万,初晨观潮
/playlist?id=3215936658,耳朵福利：百首好听宝藏热歌精选,975万,真咸鱼饼干
/playlist?id=3090651975,国语|所有的爱情都长在春天,73万,AkashiAshes
/playlist?id=3178112270,[ 单 曲 循 环 ] 想 摘 星 星 给 你.,299万,月湾龟
/playlist?id=4982041703,真可笑 还是忘不掉你,1195万,伤感句子博主
/playlist?id=5116940844,我们没有来日方长,48万,伪争
/playlist?id=5230069470,恋爱情话 | 最好的歌只想和你一起听,260万,茉瑾年
/playlist?id=4880351111,总有不期而遇的温柔和生生不息的希望,413万,迟到情书
/playlist?id=4993188086,『治愈基地』夜里的故事总是那么丰富,517万,勒溪
/playlist?id=2908129288,网易云伤感音乐：熄灯了我可以哭了吗,344万,赵宸彬
/playlist?id=4952775318,【翻唱】喝了那瓶奶忘了那个崽,400万,逸夫哦哦
/playlist?id=5146191146,好好去爱这个世界 因为你值得,2010万,螚安Vivienne
/playlist?id=5348380034,听说 初雪的日子适合告白和许愿哦,153万,-情殇雨夜-
/playlist?id=5295318325,风起爱意散,240万,毛亦周
/playlist?id=5027070307,翻唱｜你别皱眉 我走就好,529万,仙女爱吃香菜_
/playlist?id=5348375929,第一场雪下起的午后，想与你分享感动,397万,望你眼中风起
/playlist?id=3110865674,是雾的话，迟早会散的,279万,长夜看海
/playlist?id=3176080353,中国Disco女王——张蔷,16万,拾音Chris_Five_
/playlist?id=5026471288,爱会消失的对吗？,1556万,hhhiiiioo
/playlist?id=4960586404,充满阳光活力 开开心心生活 做自己的小太阳,305万,后原
/playlist?id=5230089726,执迷不悟dj小乐哥迷失幻境燕无歇七叔,33万,麋鹿诞
/playlist?id=4942981142,很杂的水瓶座歌单,18万,陶白白33
/playlist?id=4985042764,最后还是把你归入人海,808万,雾早已散尽了
/playlist?id=5300577886,这世界太吵闹，你要把自己照顾好,55万,最爱洋甘菊
/playlist?id=4885885865,叮叮 您有一份甜甜日常请查收,110万,梅格妮-妮
/playlist?id=5326128925,万物皆有裂痕，生活的答案不止是完美,359万,苏奕杰
/playlist?id=5254365012,所有的好运气，都在这个秋天如约而至,280万,olly的牙缝
/playlist?id=5157518567,他的例外不会是你,270万,浪漫心动选手
/playlist?id=3122153446,网易边路伤感音乐,583万,孤独与我独享
/playlist?id=5370548151,2020的最后一场流星雨，要一起去看吗？,405万,达哥的温柔电台
/playlist?id=5064321904,星星还是那么亮 月亮还是在天上,25万,她的声音我记得
/playlist?id=5241389941,永不失联的爱 单依纯,30万,飞羊飞
/playlist?id=2888526427,少年不识李宗盛 听懂已是曲中人,606万,云音乐VIP
/playlist?id=5324368511,心动辑｜总会有一场相遇是隔着人海互相奔赴,125万,浪漫仅供参考
/playlist?id=5299221197,『心动信号』想与你一起坠入这爱情的海,305万,雾与晨的杂货店
/playlist?id=5232847228,［☁］神也羡煞我北祀.,21万,有我北祀便有天
/playlist?id=3184728381,神仙翻唱：超好听的女生翻唱集鸭,237万,小攀哟
/playlist?id=3061793121,世间温柔皆遗憾,1541万,窥尽人间遗憾
/playlist?id=5100698746,“欲落的樱花终究等不到富士山的日落.”,173万,痴情jie
/playlist?id=3159922485,今天的风超甜，因为是从你的方向吹来,555万,四季里的懒睡猫
/playlist?id=4992525864,关掉所有的坏情绪和想太多，睡个好觉,112万,空气很颓废
/playlist?id=5235207058,你的声音连同气息 穿过秋天漫长的电话线,236万,獨鎵誋憶
/playlist?id=5269805887,寂寞无害：在深秋的某个咖啡厅想起你,230万,GNC顾念晨
/playlist?id=5194912984,民乐之魂｜中华文化之精髓 先人智慧之结晶,16万,52赫兹共振
/playlist?id=5108955230,本次列车终点站为:嘉禾望岗。,74万,阿余_小余
/playlist?id=5121921415,神仙翻唱:贼好听的翻唱集,240万,小叶哟
/playlist?id=5186785174,整装待发 | 嘿！开学准备好行李箱了吗？,102万,WICK小叔叔
/playlist?id=3177659718,爱情公寓5 系列电视剧原声全收录,151万,尤文杰BBLin
/playlist?id=4971468782,给压抑的情绪放个小假，带上好心情出发吧,248万,鱼骨与飞鸟集
/playlist?id=4934135796,黑胶必打卡｜别问 问就是单曲循环华语歌曲,894万,云音乐VIP
/playlist?id=2967801365,拒绝做咸鱼：励志华语为梦护航,349万,真咸鱼饼干
/playlist?id=5352675612,被窝万岁 | 还有音乐来为你加温,297万,早起呆毛会炸
/playlist?id=5359650773,想把你藏进外套里，陪伴你度过这冬季,307万,凌晨思夜
/playlist?id=5291540068,"风比她温柔“,71万,欢心-K
/playlist?id=4970544899,所以爱会消失对不对""",528万,我有一堆好歌单
/playlist?id=5301010622,在没有相见的日子里，请你万分保重,192万,橘子觉主
/playlist?id=4952693863,把温柔和长篇大论留给值得的人,385万,银河趣事收藏家
/playlist?id=5340960546,他们说今晚的夜色很好,133万,韩羡Y
/playlist?id=4988462925,一路同行|追梦的路上你并不孤单,55万,暮色来迟
/playlist?id=3217100494,须知少时凌云志，曾许人间第一流,621万,火星小卖部
/playlist?id=4982074494,下次再遇到喜欢的记得做朋友,174万,伤感句子博主
/playlist?id=5235619736,“但愿人长久，千里共婵娟”,15万,司星南
/playlist?id=5291498023,希望在这个秋天，能和更好的自己碰面,100万,治愈事务所-
/playlist?id=5095252363,“你别皱眉，我走就是了”,106万,敌厌
/playlist?id=4881715846,超超超超级好听的神仙翻唱鸭,225万,苏冷末-
/playlist?id=5133082200,想温柔整个世界,68万,噶炸
/playlist?id=5336535923,你是一首旋律，写在冬天的阳光里,492万,撩gay高手
/playlist?id=5218845904,舒心解忧 | 不管生活怎么样 歌还是要听的,370万,真爱喝柠檬茶
/playlist?id=5255521319,一杯敬祖国 一杯敬亲情,95万,你是七月的欢喜
/playlist?id=2913547286,只有几十秒的歌词都是直击心灵【铃声版】,398万,學會笑著搖頭拒絕自己喜歡的東西
/playlist?id=5151027000,仲夏夜之梦 迷幻浪漫派对计划,125万,西柚甜
/playlist?id=5066024507,“再见也不说，没礼貌的小鬼”,109万,晚冬色
/playlist?id=5034471300,盒子酸奶的片尾曲,14万,把纸片当老婆的菜粉蝶
/playlist?id=5286195477,秋日浪漫｜遇见你，是时光最温柔的惊喜,276万,治愈事务所-
/playlist?id=5237707100,误入秘密花园，把心事唱给每一朵花听,324万,献给莉莉的玫瑰
/playlist?id=5172859549,夜色如水，与心爱之人一起听见浪漫,199万,蜜糖男孩
/playlist?id=4902993392,『精选翻唱』万人血书求完整～,202万,小黑豪吖
/playlist?id=3175286632,超好听的高潮翻唱呀,6525万,我鲁班不坑
/playlist?id=4889607412,德云社专属，呀吼,54万,-Peawly
/playlist?id=5140800697,“我与秋风皆过客 你携秋水揽星河”,36万,林辰-ovo
/playlist?id=5198756791,希望九月有很多嘴角上扬的小窃喜,832万,螚安Vivienne
/playlist?id=5362048759,有些心动，一开始便覆水难收,40万,刘心依依依
/playlist?id=3072133338,还要多远才能进入你的心,1279万,祝你好梦哦zzzzx
/playlist?id=4992341190,晚风轻诉 藏在生活里的朦胧诗,327万,獨鎵誋憶
/playlist?id=4912968028,人生漫长 祝你们可爱的不像话 ​​​​,380万,螚安Vivienne
/playlist?id=5291457135,浪漫系：请允许我成为你四季的限定,382万,砚青钦墨
/playlist?id=3172064611,精选优质中文咕咚音乐（DJ版）,76万,二十-岁大叔
/playlist?id=5177881847,「宝藏国语 | 一曲容纳几腔忧愁」,100万,原创君
/playlist?id=3074947824,坐上时光机，带你一起回到小时候,308万,情思天鹅
/playlist?id=4949060537,夏日旋律｜ 挑战一秒心动 ~ ❤,197万,海绵宝宝不喜欢黄色
/playlist?id=5254739915,心事博物馆 | 来寄存那些隐藏心底的秘密,46万,olly的牙缝
/playlist?id=5258074467,公路摇滚 | 彳亍在面具下的独身主义,40万,祖安第一文明选手
/playlist?id=4968258102,不爱了 你发遗书都没用,1420万,我有一堆好歌单
/playlist?id=2807573220,“记得温柔”【翻唱】,2951万,湫小兮-
/playlist?id=5048694689,听完这些歌，要不要来场甜甜的恋爱,1098万,柠檬木有枝
/playlist?id=4915137971,青春有你2｜相关歌曲收录,290万,Babyheart2
/playlist?id=5311085218,一个可以帮你对抗寒冬的播放列表,288万,献给莉莉的玫瑰
/playlist?id=5073755510,不谓侠/日不落/执迷不悟/会不会/致青春♥,63万,花言笙语
/playlist?id=5175828159,一起听| 你说秋天适合思念，我说更适合见面,268万,柚時一念
/playlist?id=5217241339,张杰金曲 | 你的青春一定听过这些歌,132万,网易云音乐
/playlist?id=4924299113,边路专属BGM,40万,乔妹专属边路
/playlist?id=5236161998,戴羽彤｜住在心里的女孩 以后也要住进家里,27万,不爱吃糖orz
/playlist?id=3233680830,周深——宝藏男孩的一万种可能,19万,琉璃千千
/playlist?id=4867035447,精选丨林宥嘉 薛之谦 毛不易 陈奕迅 李荣浩,18万,梁靖国Official
/playlist?id=5298877351,边路伤感bgm,32万,神明亦有遗憾呀
/playlist?id=5356890205,专治失恋：清澈透骨，与孤独为伴,109万,猫咪喵喵嘻嘻嘻
/playlist?id=2745516846,翻唱比原唱好听的歌单,25万,当浑浊成为常态_清白便成罪过
/playlist?id=2741209081,那些好听的翻唱Cover集,161万,瑾汐很甜
/playlist?id=5263113545,欢迎乘坐浪漫号列车，穿过悠长假日,281万,干杯冰果汁
/playlist?id=4898481810,那些耳熟能详的老歌翻唱.,18万,看见小倪了吗
/playlist?id=4981594831,都市旋律丨国产「类city pop 」松软发酵,211万,陈北及
/playlist?id=5226974145,经典老歌 百听不厌,16万,卖机机的郭德纲
/playlist?id=3046068258,「声控」撩人男友/磁性/奶狗少年/霸道/甜,165万,废柴学长_
/playlist?id=5364205128,下个下雪的日子 我们见一面吧,14万,Snowy_M
/playlist?id=3233216768,歌手当打之年【顺序播放】,122万,铺垫先生
/playlist?id=3177310560,生活需要加点糖，才会过得更香甜,388万,流年忧光影
/playlist?id=3091045292,港片往事｜那时风华绝代正青春【全】,570万,下一颗巧克力
/playlist?id=5230738694,晚安打工人 | 明天的烦恼交给明天,420万,Tataaaaaaa_
/playlist?id=5088136517,2020最伤感的歌曲,36万,落暮可投稿
/playlist?id=5295194188,念念不忘 | 你真的放下那个人了吗,505万,柠檬木有枝
/playlist?id=5362258991,第一个告诉你下雪的人，一定很喜欢你吧,381万,螚安Vivienne
/playlist?id=4880408201,冰糖炖雪梨 电视剧原声带,163万,尤文杰BBLin
/playlist?id=3052560071,橘子海┆霓虹花园┆落日飞车┆告五人┆甜约翰,42万,Zhoasis
/playlist?id=4922711412,乘风破浪的姐姐 ｜歌曲全收录,428万,郑乃馨NENE
/playlist?id=3133272003,恭贺新年｜2020｜都是超市商场热门新年歌曲,13万,借風擁妳
/playlist?id=2929941515,神仙翻唱｜超甜 女声 个人向.,280万,ii某某_
/playlist?id=5253005963,咚鼓DJ版土嗨，蹦迪专用,47万,音乐人ASM
/playlist?id=2940271016,【咚鼓DJ】经典流行歌曲,877万,点燃煜
/playlist?id=5217235217,致爱张杰 | 关于爱的20种表达方式,82万,网易云音乐
/playlist?id=5219280597,秋天会有炒板栗和新的遇见,244万,念念念安娜
/playlist?id=5187655272,恋恋七夕｜遇见你，看世间万物都浪漫心动,48万,十三逆旅Cobain
/playlist?id=4902429741,我对你又何止是执迷不悟,46万,忌仞
/playlist?id=4901511925,【刷歌升级】60～70秒超短歌曲一万首,380万,归航有时
/playlist?id=5171030049,半是蜜糖半是伤 电视剧原声带,33万,去爱吧像从来没受伤一样
/playlist?id=3223510905,徐佳莹 《歌手》系列演唱歌曲,17万,一生一次懿心动
/playlist?id=4950427080,清平乐丨四十二年如梦过 东风吹淚洒昭陵,61万,VARERED
/playlist?id=4972089387,“Cover集|超好听翻唱系列”,127万,Rang_Q
/playlist?id=3093826086,张婧之｜中文DJ跳舞专属,138万,张婧之
/playlist?id=5337850822,不曾遗忘的符号：流行与传统的次元破壁,303万,不曾遗忘的符号
/playlist?id=5337372093,一人一首代表曲｜名，~~有点强迫症,42万,notFand
/playlist?id=3183830927,怀旧随身听 回到悸动的90年代,780万,西柚甜
/playlist?id=3061618560,超好听的女生翻唱音乐,146万,北觅作者
/playlist?id=3232810987,神仙唱歌 | 出不了门，就宅在家里听演唱会,154万,鱼骨与飞鸟集
/playlist?id=5122302875,经典永不过时：20世纪百大华语歌手,126万,道格小迷弟
/playlist?id=4887974807,青春的记忆|九十年代最好听的100首歌,971万,宁遇夏
/playlist?id=2909342708,【国漫崛起】音乐与动漫的巧妙融合,248万,云音乐VIP
/playlist?id=5260535564,冬天快乐｜我哼着歌，你自然地就接下一段。,626万,傻傻傻傻傻了
/playlist?id=3077285212,渴望找到时光隧道，重回年少简单与美好,264万,真咸鱼饼干
/playlist?id=5363564122,限定旋律升温，陪你过冬天丨硬地原创11月榜,57万,硬地原创音乐榜
/playlist?id=5246977454,那些一听就耳熟的华语慢摇金曲,24万,七亿姑娘的梦
/playlist?id=2880025172,70后80后90后经典老歌500首「精选」,3064万,侠侣亲子-许天准
/playlist?id=2811031169,1000首90年代经典老歌-80后童年的回忆,3271万,约翰德小炒肉
/playlist?id=3189681219,九下课内必背古诗词（人教版）,18万,这椅子必须是我的啊
/playlist?id=5019795031,老歌越经典，旧情难再续,248万,还不够远-
/playlist?id=2963817025,年少有为的男孩们“用尽我的一切奔向你啊”,14万,啵啵说我的赞呢
/playlist?id=5294089400,华语爵士 | 写在秋日晚风里的慵懒情绪,31万,后现代养猪专业户
/playlist?id=2883834352,2003—2007年的神曲，都是神仙打架,329万,仰望星空之
/playlist?id=3041475018,【回忆时光】九十年代火遍大街小巷的歌曲,476万,一切_随遇而安
/playlist?id=3062667963,好听到炸裂的古风歌曲合集,109万,沉香亭北-Y
/playlist?id=4912651760,TFBOYS「日光旅行」七周年演唱会,16万,告白气球v
/playlist?id=4859315921,《琉璃》《琉璃美人煞》电视剧音乐,19万,晴天icon
/playlist?id=5239346875,「千禧盛世」陪伴一代人青春的101首情歌,14万,七七八八不要九七七八八不要九啊
/playlist?id=3036110632,『古风』不问花开几许，只问浅笑安然,32万,枕慕
/playlist?id=4970210576,华语R&B ：慵懒独处花园,204万,蜜糖男孩
/playlist?id=5083551110,仙气飘飘这些古风告诉你诗与歌的平衡美,583万,三亿资产肥治
/playlist?id=2935044584,一『肖』倾心，独『战』慕情,67万,掌殤旻殊VIP
/playlist?id=5323682746,吹灭读书灯，一身都是月。,69万,柠檬味的灌汤包
/playlist?id=4955990649,戏腔/古风歌曲--戏子多秋 可怜一处情深旧…,40万,菲丶轩
/playlist?id=2900426813,那些比较火的古风歌,287万,安和森_oMFy
/playlist?id=2953318428,戏腔古韵 | 游京,26万,蕗萸燑
/playlist?id=5174530586,【纯真年代】一首歌，带你回到童年,181万,东东龙儿童音乐工作室
/playlist?id=4920281829,温山软水万千 不及你眉眼半分,109万,梅格妮-妮
/playlist?id=3020052469,【古风】好听到爆的古风歌曲大杂烩,801万,kath-苒
/playlist?id=2933222749,『武侠影视金曲100首』每个人心中的江湖梦,2105万,枫jackie
/playlist?id=5304471917,华语爵士|微醺时刻的专属慵懒,37万,睡醒在森林
/playlist?id=4899612791,AnwarTurak安外尔.图如克,156万,anwarturak_
/playlist?id=3023127413,听一曲残荷，清寒的声韵,58万,哥哥要喝排骨汤吗
/playlist?id=2767811922,古风｜闲庭抚琴桃花酒，叶落似是故人归,699万,科科是王子
/playlist?id=2803827325,【付费篇】广播剧歌曲合集,91万,微雨望阳
/playlist?id=5214726966,愿你以渺小启程，以伟大结尾,128万,大肥猫好可爱哟
/playlist?id=3085216604,开车犯困必听99首DJ,577万,杜柏达达达
/playlist?id=5130221125,TFBOYS：愿我们的青春都能被珍藏,18万,最好的那年yo
/playlist?id=4979300484,弹鼓-咚鼓-古风-DJ,19万,鹏braver
/playlist?id=5251743230,【高燃古风】写作业游戏运动必备,19万,生于世间不由我
/playlist?id=2584404064,猫耳fm广播剧主题曲,228万,落月满西楼
/playlist?id=2916006815,原耽 /同人/广播剧/剧情歌,75万,椰汁芋圆呆子
/playlist?id=2870106565,古风精选 | 超好听的仙气中国风歌曲,474万,飞行棋的猫mor
/playlist?id=2895575219,音阙诗听的二十四节气,627万,音阙诗听
/playlist?id=3016270816,百首经典粤语现场版一次Live个够,173万,7nance
/playlist?id=3193358862,「国风堂」合辑,148万,国风堂音乐企划
/playlist?id=3178112732,【岁月留声】重温八十年代的经典歌曲,255万,一切_随遇而安
/playlist?id=5255938731,愿山河永在 愿生生不息,130万,大肥猫好可爱哟
/playlist?id=5092129818,「古风·恋」风月无声，落笔小荷尖,33万,风烠鹭啭
/playlist?id=5031567528,阴阳师及其衍生游戏式神角色歌曲,15万,似寒han
/playlist?id=5358540025,【古风】桃花妆，青丝三尺满庭芳,13万,尹木卡
/playlist?id=3030118236,Mattohti Sattar麦托合提.萨塔尔,357万,anwarturak_
/playlist?id=5213034777,维吾尔族歌手MuratjanMuhtar,18万,Ghulamjan-Yakup
/playlist?id=5213052421,维吾尔族民歌HoxurKari,16万,Reyimjan-Abdukeyum
/playlist?id=5179226305,对所有人，都别吝啬表达你的爱,12万,Zero李末
/playlist?id=5198701783,橘右京伤感BGM,12万,冷瞳_Ttub
/playlist?id=5150576196,赵英俊翻唱计划,12万,BlossomDom
/playlist?id=5247141827,愿所有相遇 都恰逢其时,12万,如鲸向海丨丶
/playlist?id=5103826354,边 路 伤 感 澜,12万,末日长河
/playlist?id=5173932579,国语 | 跟孤独重归于好,12万,Land-Escape
/playlist?id=5104686399,国风童谣｜唤醒你的童年记忆,12万,迩ran
/playlist?id=5268908990,如果再遇到爱的人,12万,至尊黑_
/playlist?id=4893150572,好听到炸裂的中文说唱,12万,良子亮
/playlist?id=5143463761,歌治愈着你那♬ 满含泪水的眼睛,12万,心要疯
/playlist?id=3176602660,华晨宇：好想爱这个世界啊,12万,白泽一_
/playlist?id=5000396213,老番茄《47》帅气来袭！某幻《斗士》登场！,11万,山岛梨
/playlist?id=4927964406,「恋恋故人难·古风歌系列」南风知意,11万,恋恋故人难
/playlist?id=5080137415,超好听的电视剧|插曲|主题曲|持续更新|,11万,网易丁久_
/playlist?id=5344894406,邮差和信 海鸟和鱼 落叶和风,11万,墨_安澜
/playlist?id=5127348534,遇见了温柔的人所以想温柔待人,11万,小乂怕疼
/playlist?id=4939182317,Rap | 遇见你很高兴 带我远离那些纷扰,11万,SkrXun
/playlist?id=5118037613,私藏丨超级好听的温柔女声,11万,温知柔
/playlist?id=5051187896,你会游泳吗？ 我们一起坠入爱河吧.,10万,-王新阳-
/playlist?id=5266815730,完美先生和差不多xiao姐 影视剧原声带,10万,招摇芷嫣-琉璃-司凤璇玑szd
/playlist?id=5339763387,好奇心被眼神交汇出卖,11万,反掷
/playlist?id=5207336931,【治愈系温暖歌声】岁月温暖了你的悲伤,10万,浠维Laraine
/playlist?id=5206524680,国风说唱 ¦ 锦绣河山是所有人的家,10万,哇一-
/playlist?id=5359300532,每一首说唱都有一段故事,10万,苏小安
/playlist?id=4923950886,【虞书欣】——未来可期❤,10万,Moonlit_E
/playlist?id=5069423356,回忆杀｜10年前爆火的经典歌曲 • 怀旧珍藏,99988,水星先生STAR
/playlist?id=4921500847,好听的国语HIPHOP,97682,圡啊
/playlist?id=5232020717,RAPPER究极进化 B E A T / 超优质RAP BEAT,96586,DIRTYSAUCE
/playlist?id=4880016126,古风同人 • 魔道祖师江湖录,95540,看那海上月
/playlist?id=5119824534,【古风·戏腔】三尺高台，唱不尽繁华,96371,二岁的哆啦
/playlist?id=4957450782,刘雨昕原唱翻唱合集,93133,Rearrange_
/playlist?id=5045574735,『挖掘宝藏』盘点小众且优秀的中文说唱曲目,92087,内啡肽MathsC
/playlist?id=5366468183,这个寒冬，陪你一起度过,92176,回首解忧
/playlist?id=5259125150,阿不都热西提AbdurixitYusup,91289,Yakupjan-Official
/playlist?id=5346178132,午夜心碎俱乐部 | 欢迎光临,90588,时间总是嘲笑p
/playlist?id=5352737487,不听会后悔的歌曲合集,88824,贺婧琦
/playlist?id=5170339989,❥乌兹别克歌手‖Uzmir Media✔,91424,Mamatjan-official
/playlist?id=3235692623,[名侦探学院]-要做就做NO.1,87967,KotiZ
/playlist?id=5148325270,赵英俊作品重唱企划,87577,秋北阿七
/playlist?id=5333923346,古风｜春深花浅笑，秋浓叶忧伤,86480,黎云慈
/playlist?id=4883216710,写作业(最好是抄笔记)时听的古风歌,86900,华筱呐
/playlist?id=4884262685,王一博应援曲全收录❤️【含YIBO的单曲】,84998,慕落依
/playlist?id=5365816389,你走以后 再也没有,10万,蔡嘉辉-
/playlist?id=5228589363,一起来跳舞好吗,83045,BerkerleyLiu
/playlist?id=5187657475,华语｜走出去旅行，让精彩的世界影响你,81625,施词
/playlist?id=5241404724,「小北」一个人的孤独,81722,赵小北c
/playlist?id=3196633328,“桃花醒自然 星斗睡河汉”,79571,彦彦吹风
/playlist?id=4973322736,TNT时代少年团歌单（持续更新）,80290,深海余卿卿
/playlist?id=5197869976,简单的喜欢最长远，懂你的人最温柔,79076,围豆
/playlist?id=5259442216,月圆团圆 | 幸福总会在我手上,76371,索尼音乐娱乐
/playlist?id=5149512737,旋律说唱Melody | 中英文抓耳的说唱,76657,你的酷提
/playlist?id=5196924445,说唱新世代2020 第一期,74729,名字只是个代号-47
/playlist?id=5256066671,夺冠||卯足了劲，只为热爱,73977,dellydog
/playlist?id=5182795289,No总的中文歌单（混搭）,71848,Lamseason
/playlist?id=5338199123,马保国，我大意了没有闪，马老师请你听歌。,69962,小郭不是机器人
/playlist?id=4919162678,吕德华直播歌单,69441,MAGNETOsoso
/playlist?id=3174912455,2020古风新歌歌单（持续更新）,69328,狂雪任风吹
/playlist?id=5094844075,炸裂好听的歌曲,67807,赋南啊
/playlist?id=5101847007,刺客、战士专场[燃系BGM],66543,刘一品ljp
/playlist?id=4871018933,☞『吉他』Gettar Nahxa TopliMi♬✵,66950,-小爱45
/playlist?id=5357937853,【粤语说唱】来自南方的气息,65359,3aGuaiXXL
/playlist?id=5280480501,高甜翻唱：超好听温柔的翻唱学习歌单,64787,是龙舞阿丶
/playlist?id=5341750420,心存感激 所遇既温柔,63779,惊鸿一瞥mnb
/playlist?id=5368961469,冬日恋歌~慢慢等一个爱的人,63086,冉启升与榴莲牛郎刘奶奶
/playlist?id=4928657762,【古风剪辑】古装视频剪辑BGM 偏虐,63191,星河不知意-y
/playlist?id=2965521321,当我决定离开不回头 你似乎很享受,78320,三川u
/playlist?id=5144804641,夏天的乐队 | 复古浪漫,60461,PowerMilk包话喵
/playlist?id=5038659057,Chill Beat | 抒情说唱伴奏,58903,DKONENG
/playlist?id=5299340155,法老2020专辑《科幻小说》,58823,Eminem_China
/playlist?id=4925630957,精选翻唱｜每日一首易入睡,58874,故里音乐
/playlist?id=3237096266,德云社相声贯口歌单,58496,写给长安
/playlist?id=5071266015,一个奇怪的水瓶座歌单,55501,今天我也很难过丶
/playlist?id=4857582078,秦霄贤翻唱歌曲原版,55703,小宇儿呀--
/playlist?id=5312159651,请 用 动 物 的 本 能 缠 绕 住 我,64850,温子琛
/playlist?id=5299230353,变得温柔一些，生活也会顺遂很多,54292,蜡笔小周阿
/playlist?id=5296701941,椅子乐团的私藏歌单,53981,椅子樂團TheChairs
/playlist?id=5322031029,失眠的夜，喂你一勺星星。,53321,一勺小叔
/playlist?id=5372987038,互相错过彼此，很遗憾吧,51528,我沉迷初遇
/playlist?id=5337348174,实力唱作人｜TA的故事你听懂了吗？,49285,环球音乐中国
/playlist?id=5227514366,厂牌精选 | CDC成都集团,48680,云音乐说唱专区
/playlist?id=5030635103,一个水瓶座爱听的歌单,48252,等待注销的账户
/playlist?id=5185627911,土嗨神曲丨中文DJ丨咕咚版丨翻唱合集,47021,智贤哇
/playlist?id=5267049919,《风犬少年的天空》BGM合集,46971,余牧谿
/playlist?id=5186554303,精选 | 巨好听单曲循环 百听不厌,51507,心之所动_温优
/playlist?id=5078215702,黄龄性转降调男声,45593,吃榴莲的狗
/playlist?id=5132595714,2020中国好声音,43888,陌路繁华-
/playlist?id=5172299350,Boom| 中韩hiphop最炸的都在这了,43716,九星NineStar
/playlist?id=5009196118,德云社|秦霄贤德云女孩张云雷郭麒麟郭德纲,43472,李袈
/playlist?id=5266117297,AK刘彰叫我ak就好了,41066,Yeah虚拟k
/playlist?id=5171467813,TFBOYS「和你在一起」,39835,Likh_0806
/playlist?id=5058648497,『每日一哀』英文伤感歌曲…,39508,T_T杰宇
/playlist?id=5267242749,希望你以后记得我就好了.,37916,网抑云
/playlist?id=5234894591,天凉了 故事也该翻篇了.,37706,局限l
/playlist?id=5365468163,“爱意东升西落”,37857,爱要勇敢追
/playlist?id=2798343428,猫耳FM广播剧,40541,Hionsa
/playlist?id=5278063101,总有一个人教会你成长，然后悄无声息的离开,35589,你曾是少年Ooo
/playlist?id=5274412474,在一起叫梦分开了叫痛没做完的梦最痛,35669,凭什么后来者_居上阿
/playlist?id=4912797510,TFBOYS七周年【日光旅行】.,32628,痴烊烊烊-
/playlist?id=5274838491,「古风×剑三」与卿遥望，爱情花悄绽。,32263,大叔_何足道哉
/playlist?id=4872588703,up! 阴阳怪气and变形兄弟,31767,紫鹅鹅鹅
/playlist?id=5231268191,“可能有时候我也会词不达意”,31271,想成为young少侠一样的大男孩
/playlist?id=4863536378,2020最新流行歌曲,34526,黑碧
/playlist?id=5172645347,治愈男声｜写在黄昏里的温柔,36517,ll派派先生
/playlist?id=5142780369,兜兜转转还是一个人,30503,依然活的好好的
/playlist?id=5344820805,【维吾尔舞蹈曲集】Ussulluk Nahxilar,30125,AbdurusulObul
/playlist?id=5159903237,维吾尔语精选歌曲,29608,Abdulla灬turcun
/playlist?id=5303282725,岭南特产｜广东乐队图鉴,29012,墨水Moshuier
/playlist?id=5286621454,「hiphop」必听曲目 跟着摇就完事了,29155,Eleven-Z_
/playlist?id=4953075315,深夜写作业/提神/古风/燃曲,28844,堂吉诃刘
/playlist?id=5309309281,中文说唱rap,27764,别再抱有希望o
/playlist?id=5266904058,2020央视中秋晚会歌单,26639,SodaGil
/playlist?id=5301714430,你 可 真 無 聊 啊,26840,過夜時
/playlist?id=4937334183,博学多才何教授,26861,陶生-
/playlist?id=3195672867,火星家族|陪伴是最长情的告白,26206,火中舞动的光yu
/playlist?id=5149953721,一人一首赵英俊,25963,空-觅
/playlist?id=5295462220,立刻灵魂出窍穿越到另一方天地【独立国摇】,25467,陆游gt
/playlist?id=5305656697,励志说唱｜你我未来，海阔天空,25790,香蕉之城
/playlist?id=5257853937,半是蜜糖半是伤∣OST,25018,雨曦儿nine
/playlist?id=5163803260,各种边路一血、反杀必备歌单,24795,是野猪佩奇嘛
/playlist?id=5262700161,享受这治愈时刻,22930,鑫爷-LJ
/playlist?id=5374722421,好运藏在努力里\( ^▽^ )/,22376,Jupiter6-1
/playlist?id=4970149696,精选┃温柔至极,22229,A36r_
/playlist?id=5293769588,【城市民谣】多少异乡变故乡,22775,安阳汪涛
/playlist?id=5205686262,热情过后剩下的是什么,21813,朝小夕wink
/playlist?id=5125834864,重启之极海听雷OST数字专辑,20914,Jan_Svankmajer
/playlist?id=5038616914,中文跑步歌单-奔跑吧！,18907,AfterShokz韶音
/playlist?id=5280364789,美好的时光2020,19108,一首李大亮
/playlist?id=5259327983,既然留不住夏天 那我们秋天再会吧,250万,她的水彩笔
/playlist?id=5060928611,New Wave Beat / Emo Beat / 说唱伴奏,17176,beatsbyaura
/playlist?id=5189180490,大上海民国歌女代表作,16849,空虚小编
/playlist?id=5248339062,今天的不开心就止于此，明天依旧光芒万丈,182万,何木期
/playlist?id=5266107943,你爱着谁心徒留几道伤,15005,白衣染铅华1809
/playlist?id=5263349113,说唱新世代｜生番,13552,脸长一米八_
/playlist?id=5031513766,周深如果你也听说、画绢、真夏的樱花,13400,小小一粒米MG
/playlist?id=5241919602,赫兹app｜说唱作品,13052,巴黎的八
/playlist?id=5083098700,古风‖各大类戏腔,13018,七月许
/playlist?id=4986317277,【名侦探学院】同人曲收录,12909,香琳-落叶樱
/playlist?id=4985825419,橘右京修罗伤感歌单,12951,终究未能挽留落樱
/playlist?id=5088864914,马嘉祺六月推荐歌单,12565,Krystal起祺
/playlist?id=5270871905,第31届金曲奖得奖名单,136万,陈北及
/playlist?id=5014638833,甜蜜说唱 | 让心融化在浪漫的旋律中,132万,芙木2046
/playlist?id=5229729146,几十秒的心动：）,12216,飒_____
/playlist?id=5352467037,干嘛听苦情歌以为多浪漫,14165,夜晚十点二十分我们相知
/playlist?id=5191625105,【车载中文dj】开车必备，激情四射！,12061,-c岁月神偷
/playlist?id=5299877652,给生活加点糖，把微笑挂在脸上,119万,-情殇雨夜-
/playlist?id=5196789761,说唱新世代收录,11128,-Yuuki
/playlist?id=5299440976,双鱼座国产rap精选歌单,10901,一拳超人007
/playlist?id=5091461920,虎牙_吕德华边路之虎,10767,中华武德
/playlist?id=5361019890,［雨不会一直下 但一直会有雨下］,10641,涫啾
/playlist?id=5272702811,浮生闲原创小歌单【部分开放非商填词】,10481,_浮生闲_
/playlist?id=5055796971,时光留声机：听不完的老歌，做不完的青春梦,104万,雾与晨的杂货店
/playlist?id=5361696367,宝藏中文｜彩色浪漫与黑白情调,10339,水塘里的河豚
/playlist?id=5067003282,“等不到就别等了”,102万,晚冬色
/playlist?id=5314625951,音恭喜 译遗憾,10238,无非_廾匸
/playlist?id=4977991665,好听的歌→被翻唱，好听的翻唱→在此！,100万,菠菜含有铁
/playlist?id=4857139488,中国新说唱2020全收录,100万,风轻轻飘随你笑
/playlist?id=5340250032,《金陵有座东君书院》背景音乐,10595,陈恒他呀喜欢你
/playlist?id=5194950079,我听，你听 (I),9910,凡宇Felix
/playlist?id=5181188650,七夕 | 想和你度过以后的岁岁年年,95万,迟到情书
/playlist?id=4986024718,DJ dj我想飛,9721,快樂的海盗bb
/playlist?id=5212580910,伤感华语：没说出口的话何止心酸,9041,橘子色系
/playlist?id=5171917271,秋天来了，与夏天的烦恼告个别,76万,砚青钦墨
/playlist?id=5321843711,直火帮2020巡演歌单,8537,您所看的用户已注销
/playlist?id=4983279806,爱是需要双向奔赴的,74万,浪漫仅供参考
/playlist?id=5100242706,喻言老公的歌单,9028,喻言床头的甜妹
/playlist?id=5272474925,民谣 | 分别总会让人成长,73万,赛因Sin
/playlist?id=5017809011,这些甜蜜的歌曲，送给热恋中的每一个你,71万,勒溪
/playlist?id=3034340954,嗨唱转起来第二季 | 歌曲全收录,69万,小薛鸭鸭
/playlist?id=5355112298,古风| “天不生我李淳罡，剑道万古如长夜”,8037,有人弄乱了玫瑰-
/playlist?id=5271024258,古风 | 木鱼声声山中辞,7814,可爱猫咪的花园
/playlist?id=5122153365,世间温柔皆遗憾,7571,就在今晚告別m
/playlist?id=5133961385,祺鑫时光轴2020年上,7483,大块曲奇l
/playlist?id=5130634012,江南百景图刷铜钱BGM(人物及背景选曲),7420,板栗Xaviera
/playlist?id=5269704499,kal omak yarim,7382,DjjaMYatWaZ_EJBg
/playlist?id=5231188228,德云斗笑社（涉及到的歌曲和小曲）,7113,学医头秃awsl
/playlist?id=5239281490,第一眼就沦陷的人 怎么甘心只做朋友。,6857,屿估
/playlist?id=5079932281,网络热歌精选 (持续更新),54万,浪漫心动选手
/playlist?id=5190524428,爱在暖冬，定格彼此间的银色幻想,54万,WICK小叔叔
/playlist?id=5047176722,「百个伤感」声声入耳 句句戳心,53万,星际小罗罗
/playlist?id=5064891276,温柔治愈｜干净男友音哄你入睡～,53万,旺仔不是牛奶ovo-
/playlist?id=5095592413,“到此为止吧 别再为她听歌了”,52万,温差感
/playlist?id=5161614834,青春环游记第二季‖加饭姐弟专属BGM,6668,阳光彩虹小白马额
/playlist?id=5050189373,Rap情歌|夏日汽水甜味满分,51万,AkashiAshes
/playlist?id=5321263978,用感性节奏融解冷空气丨硬地原创10月榜,50万,硬地原创音乐榜
/playlist?id=5180350606,忙碌的一天结束了，听首歌放松一下吧！,48万,治愈事务所-
/playlist?id=5256794934,丧失理智|再不舍也要接受一切不欢而散.,6244,那又如何比你好过
/playlist?id=4986897464,始于温柔，终于厌倦,46万,你独占春色
/playlist?id=5270967683,全网热搜『燕无歇 黑桃A版』DJ,6176,玄辰xc
/playlist?id=5227780697,及时行乐│人生苦短丰富生活取悦自己,44万,Evelauren
/playlist?id=4985979871,我再也不会对谁满怀期待,44万,敌厌
/playlist?id=5303491409,♥︎Rap Beat♥︎ | 说唱伴奏,42万,泡沫_sn428
/playlist?id=5243637409,气运联盟 冬天写歌 夏天巡演,5878,柠檬做的少女心
/playlist?id=5277045833,﹆CHILL BEAT﹅高质量 | 说唱伴奏,42万,一片孤叶行舟
/playlist?id=5117963951,有些心动 一开始就覆水难收,42万,耗尽归途的光
/playlist?id=5213183797,TFBOYS「日光旅行」七周年演唱会,5740,念_坠星海畔
/playlist?id=5250203421,不谈恋爱 逼事没有,5723,温柔似情-
/playlist?id=5080171233,当你爱着生活，岁月也就温柔许多,40万,艾琳艾德勒丶
/playlist?id=5346334147,《宇宙打歌中心》,5895,一醒又三秋哈
/playlist?id=5301471944,Hasanjan Tursun 艾山江·吐尔逊,5597,Sirlih_tuman
/playlist?id=3019133795,“将爱却晚秋”,39万,我鲁班不坑
/playlist?id=5226236224,“双向箭头的喜欢是宇宙级别的浪漫”,37万,予妳晚风
/playlist?id=5346670616,狼殿下主题曲全收录,5189,Shea-Lv
/playlist?id=5316617655,『谁不想要一套丝滑小连招呢』,5559,逸辰无所畏惧
/playlist?id=5140836410,乐队的夏天第二季 | 全乐队收录,34万,与银河对视
/playlist?id=5093145991,中文说唱最强Flow最炸武器库,33万,翼OG
/playlist?id=5348739600,好听的粤语歌单｜粤，~~有点强迫症,33万,notFand
/playlist?id=5334142966,我要悄悄打工，然后惊艳所有人,211万,爱听歌的狗大叔
/playlist?id=5229042303,『宝藏中文』夏夜的晚风和你,4866,Ceaoee
/playlist?id=5348884321,你的小脑瓜是想不通的 我会哄到你服软,32万,饭饭之交c
/playlist?id=5241283041,通往幸福的路途中，一定是繁花盛放,32万,olly的牙缝
/playlist?id=5214901099,歌词即诗：我们妄想吃掉太阳,31万,祖安第一文明选手
/playlist?id=5232245766,笑着说爱让人疯狂，哭着说爱让人紧张,31万,伪争
/playlist?id=5356792390,华语时光丨与岁月对望，所有人都老了,36万,我自清欢丨被嫌弃的唐唐的一生
/playlist?id=5040919752,“想你的雨夜车窗起雾”,30万,孤身星河
/playlist?id=3088682981,『Cypher』2020年HipHop厂牌大战,30万,Rootskool杂货铺
/playlist?id=5337855830,喜欢是一朝一夕 爱你是心动到古稀,30万,仙女爱吃香菜_
/playlist?id=5009534060,如果你也喜欢焦迈奇,29万,火星小卖部
/playlist?id=5082520606,欢快小调｜寄给你一支乐队活力剂,29万,半眠two
/playlist?id=4984037905,民国忆事 |莺啼陌上人归去，花外疏钟送夕阳,29万,JazzLove
/playlist?id=5312055085,音乐实验室 | 特立独行，不疯魔不成活,28万,鱼骨与飞鸟集
/playlist?id=5257523933,民谣：治愈你失去的快乐,28万,foreverallin
/playlist?id=5028733921,暖心小甜歌，平淡的生活需要多一点甜,28万,Belle蓓菈
/playlist?id=5205700899,很多好听的翻唱等你来听,4463,君复思卿
/playlist?id=5205581450,执迷不悟dj小乐哥忘川彼岸迷失幻境会不会,27万,麋鹿诞
/playlist?id=5247377969,今天从 怪我0908 - Bomb比尔开始,4379,ure泷
/playlist?id=5311967411,“请别以为你有多难忘”,27万,铁锨andRose
/playlist?id=5236211140,小阿七｜追梦路上只是爱唱歌的人,26万,不爱吃糖orz
/playlist?id=5129757990,2021考研英语二作文,4110,策舟舟
/playlist?id=5305359127,遇 见 未 能 拥 有,3799,错过那缕白月光
/playlist?id=5254397433,你听，哪句歌词唱出了你的爱与荒唐？,21万,-KooTo-
/playlist?id=5363643257,众生皆草木，唯你是青山,21万,贾嘉葭_
/playlist?id=5339998243,【甜蜜情歌】因为有你，期盼余生,3669,幻菱君
/playlist?id=5345660857,猜猜午夜蠕动子巡演唱啥,3917,yuanbaolee
/playlist?id=3185113900,爱你这一局是尽力局,21万,是为你做的歌单
/playlist?id=5277309467,中文说唱的天花板,20万,偷偷的叹了口气
/playlist?id=5315209302,斑马森林(宝藏男孩),3556,Corinna-_-
/playlist?id=5260045241,爱你的人只会比你更害怕错过,19万,会心疼我嘛
/playlist?id=5218723101,古风/君若君临天下，汝便陪君母仪天下,3341,小饭团感觉
/playlist?id=5024187212,执迷不误的一直是你,18万,毛亦周
/playlist?id=5077817748,巅峰引来虚伪的看客,19万,暮徐
/playlist?id=5341171697,马保国：我劝这位年轻人耗子尾汁,3152,Solitude_爨征
/playlist?id=5155744293,华语浪漫｜歌是甜的，你是我的,16万,饭盆哥哥
/playlist?id=5280773057,『伤感Rap』被你弄碎的心再也拼装不起来了,3283,爱打篮球的亮亮
/playlist?id=5307364834,中文说唱-精选集,17万,NoraEnPure_
/playlist?id=5237840626,地下8英里2020冠军年度歌单,16万,地下8英里官方
/playlist?id=5317422939,你信吗，真的有人隔了两三年还喜欢,3073,今天也有早起
/playlist?id=5220149064,长大后的你，实现年少时的梦想了吗？,15万,四季里的懒睡猫
/playlist?id=5212972909,流行歌手RanaMijit,15万,Ghulamjan-Yakup
/playlist?id=5069984785,忧伤到心灵深处的民谣,14万,白咿呀白
/playlist?id=5018178007,我有一点想念你,13万,恨禁
/playlist?id=5119417797,乐队的夏天2 | 最终参赛乐队音乐作品合辑,13万,五月未了
/playlist?id=5213466097,Muzo丨Gittar Toplimi ღ,2745,Muzo丨
/playlist?id=5135448298,国风说唱 | 东方押韵艺术 待价而沽,13万,你要乖喔-
/playlist?id=5213071146,流行歌手RanaMijit,13万,Reyimjan-Abdukeyum
/playlist?id=5277030255,Rap beat | 优质说唱伴奏,12万,欲望始终难抵你
/playlist?id=4939381170,民谣|我的酒馆想打烊就打烊,12万,海绵宝宝不喜欢黄色
/playlist?id=5185749206,前面风景很好 我的意思是别回头,12万,卖机机的郭德纲
/playlist?id=4871564634,民谣有机会一起抽烟,12万,偷窥人间
/playlist?id=5075412005,早知道后劲那么大 不分手就好了,16万,风起日暮里
/playlist?id=5203616846,中文hip-hop未来,10万,圈圈的呆子
/playlist?id=5196123331,处女座严选歌单,10万,陶白白33
/playlist?id=5325385569,听书Ⅱ央视百家讲坛,2413,山东-老刘
/playlist?id=5328321108,//故事的开头总是美好//扎心Rap；情歌说唱,10万,Skr----------------
/playlist?id=5308101130,300首华人流行经典 | 00前专辑,2342,PolooStudio
/playlist?id=5343765638,我的BEAT牛逼！,2300,独行侠就独行
/playlist?id=5329725413,你唱我调丨对唱特辑,2233,月刊少女kaki酱
/playlist?id=5374595214,【古风电子】纯音 独特般的魅力 75首,2144,混元形意太极掌门人马保国-
/playlist?id=5081204410,♥︎FREE BEAT♥︎免费 |说唱伴奏,125万,KIND_CQ
/playlist?id=5340431620,丁真珍珠｜丁真和小马,1989,Eliza-L
/playlist?id=5176721369,华语私藏丨那些你可能错过的宝藏,114万,陈北及
/playlist?id=5017795087,清新古风 | 首首单曲循环 曲曲深入人心,84128,桑乔维塞
/playlist?id=5137089788,先锋·意识流 | 流连于隐喻与字面的美丽,81193,Zero李末
/playlist?id=5214337385,喜为你疾，药石无医,80382,浠维Laraine
/playlist?id=5251728375,【古风】若有来生与君会，再不穿那红衣裳,80500,生于世间不由我
/playlist?id=5278911021,欲买桂花同载酒，终不似、少年游,76052,海沉溪
/playlist?id=5335064345,全世界的大人 ，只做你一个人的小朋友,95万,真爱喝柠檬茶
/playlist?id=5360622654,用尽力气只换来半生回忆,72226,围豆
/playlist?id=5104276959,【古风·燃向】胡琴琵琶与羌笛,66102,二岁的哆啦
/playlist?id=4904668016,从结婚开始恋爱 电视剧原声带,65909,招摇芷嫣-琉璃-司凤璇玑szd
/playlist?id=5138354053,谁是谁的朱砂痣，谁是谁的意难平,61411,听歌就完事辽
/playlist?id=5335027496,W8VES‖厂 牌 文 化,1632,怀里兜满了给mafu的爱心
/playlist?id=5272494469,『中文说唱』无法抗拒 | 把故事写成诗,72万,赛因Sin
/playlist?id=5298861707,《早餐中国》第三季 点滴的陪伴 浓浓的爱,1502,礼闻___
/playlist?id=5254637478,枝头望，秋风凉，忆昔少年郎,71万,蜜糖男孩
/playlist?id=5187771084,华语｜腹有诗书气自华，读书万卷始通神,58765,施词
/playlist?id=5323849154,短暂放空 | 戴上耳机隔离所有外面的声音,68万,空气很颓废
/playlist?id=5354214565,《飞鸥不下》广播剧OST,1619,Tourdon
/playlist?id=5326323890,大雾散去，我爱你，人尽皆知,1468,谁又被谁辜负
/playlist?id=5332517937,［轻音乐］仙女们的甜甜下午茶时光,56140,虚空第一美少女
/playlist?id=5259052974,吾吉GhojiMetQurban,56215,Yakupjan-Official
/playlist?id=5214106048,等到妳还要多久,54233,初晨观潮
/playlist?id=5351072273,“最怕温柔与爱抵不过新鲜感”,66万,窥尽人间遗憾
/playlist?id=5357391567,【潮汕说唱】吃条肠粉,50621,3aGuaiXXL
/playlist?id=5355689258,穿过挪威的森林 进入你的梦里,1380,熱槑-
/playlist?id=5306707333,十一月拜托了，希望暴富和拥有甜甜的恋爱,58万,柠檬木有枝
/playlist?id=5014104831,唱首甜甜的情歌给心爱的人吧,56万,迟到情书
/playlist?id=5196585996,拜托！生活少一些莫名其妙的不开心,55万,-情殇雨夜-
/playlist?id=4925612787,我们的歌第二季,55万,风轻轻飘随你笑
/playlist?id=5351170824,『爽到极致』说唱Club,1296,飞星传长恨
/playlist?id=5068112826,“太过于主动会疲惫，太过在乎会崩溃”,54万,晚冬色
/playlist?id=5093830574,没有人在车窗起雾时写我的名字,53万,浪漫心动选手
/playlist?id=5118524949,中文 City-Pop | 摇摆,44140,PowerMilk包话喵
/playlist?id=5356417923,-❥维吾尔族明星 Mamatjan Abdukadir♡,1241,RizaNovaUZ
/playlist?id=5333551224,直火帮2020全国巡演上海站,1178,可充电的juissu
/playlist?id=5295527144,致青春｜成长就是坚持与妥协的两难,44万,格格酱GG
/playlist?id=5214583006,中文说唱|我想呼风唤雨用奇妙旋律,44万,AkashiAshes
/playlist?id=5343328370,「翻唱」好听的歌完整版,1170,躲进人间边界
/playlist?id=5333857948,全都给我哭(*꒦ິ⌓꒦ີ),1099,肩扛音响炸学校
/playlist?id=5313215935,YakupJan 吉他歌曲汇编❤️,1069,YakupJan_Zlp
/playlist?id=5240258960,『秋日呓语』日落与你是人间最大的浪漫,38万,雾与晨的杂货店
/playlist?id=5338010019,德没 表情银行,1099,AimeChopin
/playlist?id=5227511509,【亲子陪伴】早教启蒙好习惯儿歌,33493,东东龙儿童音乐工作室
/playlist?id=5341024670,暗恋是一种礼貌 暗地里建起一座城堡,34万,她的水彩笔
/playlist?id=5261241463,一 键 清 除 秋 乏 指 南 丨硬地原创9月榜,33万,硬地原创音乐榜
/playlist?id=5267421560,精选国语说唱 | 伤感旋律rap,33万,一片孤叶行舟
/playlist?id=5309653968,雅居乐清水湾·2020海南草莓音乐节,918,Luooyan
/playlist?id=5348716893,神仙翻唱｜翻，~~有点强迫症 ！,31万,notFand
/playlist?id=5236230168,Real hiphop•想要成为rap star,31万,西柚甜
/playlist?id=5316866707,这100首歌里藏着多少你的青春记忆？,901,琉潵
/playlist?id=5145171537,华语爵士特调│掩不住的迷迭风情,29万,Evelauren
/playlist?id=5338654959,单曲循环的歌词里都是遗憾,28万,仙女爱吃香菜_
/playlist?id=5317601347,厂牌精选 | 丹镇北京,28537,云音乐说唱专区
/playlist?id=5035252621,治愈系：愿你一切皆有望，一切皆可期。,27万,Belle蓓菈
/playlist?id=5356836008,经典唱片丨宝藏太多，一个装不下,35万,我自清欢丨被嫌弃的唐唐的一生
/playlist?id=5301149889,FPX TIAN(kn9的爹)的歌单,842,opretusy
/playlist?id=5235835444,尤长靖‖一场脱“糖”冒险,821,尤长靖AZORAland全球后援会
/playlist?id=5257577343,我抓不住世间的美好 | 所以装作随意的样子,25万,foreverallin
/playlist?id=5106047440,你好像只是偶尔需要我,25万,耗尽归途的光
/playlist?id=5335852802,GM仙●阴间说唱,826,狐沚丶
/playlist?id=5348420255,Arkin Abdulla 全歌曲合集【继续更新】,25383,AbdurusulObul
/playlist?id=5341635928,abdullaGurpisi 阿不都拉舞台,771,AwuziAyoufu阿伍孜阿尤甫
/playlist?id=5149469787,一首歌一个故事 关于赵英俊的四十三年,24845,柚時一念
/playlist?id=5326275471,2020年《隐秘而伟大》OST,779,jaycd5
/playlist?id=5098084123,关于美好，要从我遇见你的那天说起,21万,芦娃还是小学生
/playlist?id=5258069401,世间有很多美好等你 你要内心温柔 安静努力,21万,-KooTo-
/playlist?id=5289463564,你的才华价值一千万,22754,安阳汪涛
/playlist?id=5362410247,『华语说唱』愿所有的来日都可期,20万,贾嘉葭_
/playlist?id=5171375333,世间温柔皆遗憾,20万,我有一堆好歌单
/playlist?id=5298665388,「古风×天下」我将走过，再不重回。,21263,大叔_何足道哉
/playlist?id=5322068980,全收录丨Ice Paper 采样用曲目,674,怨念的肥皂泡_
/playlist?id=5349291073,华语流行歌曲 | 2020精选热门单曲,106万,KIND_CQ
/playlist?id=4982457159,潮汐怎遇潮落.,19万,银河趣事收藏家
/playlist?id=5071672662,July / 解锁薄荷味夏日带来的惬意感,104万,獨鎵誋憶
/playlist?id=3193998638,除夕：辞旧迎新，阖家团圆好时光,99万,真咸鱼饼干
/playlist?id=5338800425,记不得上次湿了的眼已过了多少天,19402,Snowy_M
/playlist?id=5308719149,我有点想你了，其实也不止有点,88万,流年忧光影
/playlist?id=5337251047,什么时候能睡个好觉,15万,暮徐
/playlist?id=4966399708,美好的时光『综艺』,15万,小薛鸭鸭
/playlist?id=5213027817,维吾尔语歌曲XakirRehimjan,13万,Ghulamjan-Yakup
/playlist?id=5094432203,陈奕迅线上慈善演唱会 | 日出日落一直陪你,13万,五月未了
/playlist?id=5333230657,秋日的烦恼也将被冬雪悄悄埋藏,15736,最好的那年yo
/playlist?id=5321972385,今天的心情是彩色的,15236,Jupiter6-1
/playlist?id=5071972277,耳机里的温柔乡，这些歌可以引来超甜的恋爱,69万,YouTube视频推荐
/playlist?id=5311647551,值得循环的中文歌单,13万,NoraEnPure_
/playlist?id=5272549088,华语｜用清新的旋律赶走夏日,67万,赛因Sin
/playlist?id=5347812547,知名歌手Mahmut-Sulayman,490,Parhat-FM
/playlist?id=5056664067,孙燕姿|总有首歌和青春对号入座,12万,云音乐VIP
/playlist?id=5263756303,现代青年复古style：来和我一起摇摆～,12万,半眠two
/playlist?id=4987099003,爱意提笔扬千里,12万,浪漫仅供参考
/playlist?id=4985344057,忘不了，你的爱,60万,我该去见你了
/playlist?id=5073862511,温柔丨超级好听的情歌,11万,温差感
/playlist?id=5333154711,说唱/中文/小众/宝藏/循环播放,11万,偷偷的叹了口气
/playlist?id=5213019512,流行歌手XakirRehimjan,11万,Reyimjan-Abdukeyum
/playlist?id=5343145007,(按顺序)刺猬2020-2021【赤子白仙】巡演,435,AbsolutelySCott
/playlist?id=5329052352,天官赐福动画原声带/花怜同人曲,435,肖战的小飞侠芸儿
/playlist?id=5337424399,《嗨唱转起来2》热门歌曲收录（1-6期）,52万,网易云音乐
/playlist?id=5089959497,谁能将爱意匿藏在大雾深处,51万,浪漫心动选手
/playlist?id=5341804046,【我们有太多凑巧…却…唯独缺个正好】,406,王可为h
/playlist?id=5301707570,你 可 真 無 趣 啊,11817,過夜時
/playlist?id=5081270353,国风 I 迷醉在国风柔美的歌声里,96338,饭饭之交c
/playlist?id=5350729261,“适合比喜欢更重要”,48万,窥尽人间遗憾
/playlist?id=5365159148,古风｜你爱着谁 心徒留几道伤,397,懒人_rmqB
/playlist?id=5013018776,华语Urban · 城市律动浪潮,45万,蜜糖男孩
/playlist?id=5325046618,【云村纯音乐】我们一起来感受感受云村的风,11128,dellydog
/playlist?id=5104132902,何 以 治 丧 ，以 丧 治 丧,88009,白咿呀白
/playlist?id=5351464102,第33届中国电影金鸡奖提名名单,87337,与银河对视
/playlist?id=4865261419,一个爱而不得的人,42万,风轻轻飘随你笑
/playlist?id=5274326947,雨淋湿了天空毁的很讲究,11372,凭什么后来者_居上阿
/playlist?id=5326457462,2021太湖迷笛新年室内音乐节-战国舞台,359,迷笛
/playlist?id=5347165621,20201122直火帮重庆站巡演歌单,355,K_NINE
/playlist?id=5224037221,成长 | 你要做一个不动声色的大人了,40万,柠檬木有枝
/playlist?id=5358139518,你的大表哥曲甲,397,假如这是一个有诗意的名字
/playlist?id=5215296459,秋色平分丨温柔的塞满了昏黄的日常,39万,陈北及
/playlist?id=5352338092,精选 刘大壮网抑歌单,380,阿君sdyp
/playlist?id=5360126799,遗憾有多好 爱过的人忘不掉,10万,铁锨andRose
/playlist?id=4984064399,双子座的随机播放,71755,陶白白33
/playlist?id=5357761172,直火帮2020巡演北京站“SFGRevengeSeason”,326,sodamn
/playlist?id=5251700939,【二字古风】用我三生烟火，换你一世迷离。,69466,生于世间不由我
/playlist?id=5277092168,﹅RAP BEAT﹆精选 | 说唱伴奏,32万,一片孤叶行舟
/playlist?id=5191921256,私人宇宙 独立频率 | 硬地新歌Vol. 11,30万,硬地原创音乐榜
/playlist?id=5219696456,我总不能耗尽一生换一句你的有可能,104万,螚安Vivienne
/playlist?id=5238997921,再见黄鸿升：想念那些年我们追过的台偶,98万,真咸鱼饼干
/playlist?id=5356828063,我学着温柔，把一些情话慢慢熬,34万,我自清欢丨被嫌弃的唐唐的一生
/playlist?id=5186391599,丧 吗 ？ᵕ᷄≀ ̠ᵕ᷅,57437,旺仔不是牛奶ovo-
/playlist?id=5350016518,一首歌一个故事,26万,仙女爱吃香菜_
/playlist?id=5257494686,治愈民谣 | 繁星藏了你的笑颜满天闪烁,25万,foreverallin
/playlist?id=5225116486,把秘密借给你 孤独的自言自语,25万,西柚甜
/playlist?id=4987446336,纵使你心如刺猬，仍有人爱你不讳,89万,望你眼中风起
/playlist?id=5305929925,只要笑一笑 没什么事情过不了,84万,梅格妮-妮
/playlist?id=5256299493,华语放克│烫个头跳支舞律动起来很复古,23万,Evelauren
/playlist?id=5304335468,乐才派编曲学员作品集,208,PaukSoul
/playlist?id=5317419027,超强flow，第一句就爱,6546,橘子色系
/playlist?id=5362130084,『民谣』不止有诗和远方，还有大家的故事,19万,贾嘉葭_
/playlist?id=5272530084,放不下的，是我们这些俗人而已,64万,赛因Sin
/playlist?id=5256296487,秋天中的小惬意|地中海上泛着船桨,40259,祖安第一文明选手
/playlist?id=5160816840,那些适合耳机里单曲循环的宝藏Rap,15万,AkashiAshes
/playlist?id=4982638370,这些歌里藏着蜜，单曲循环也不腻,15万,-情殇雨夜-
/playlist?id=5364611319,哭完了吗 挂了吧,177,孤独与我独享
/playlist?id=5187527876,华语｜宝剑锋从磨砺出，梅花香自苦寒来,35110,施词
/playlist?id=5259101306,艾孜提Hazritiali,34447,Yakupjan-Official
/playlist?id=5358529732,周深 | 百般烟火色,161,悸北北北北北叻
/playlist?id=5251975536,月圆夜/与祖国共赏一轮明月 共寄同一份思念,45万,獨鎵誋憶
/playlist?id=5355088033,“就怕rapper说情话”,4904,有人弄乱了玫瑰-
/playlist?id=5354038261,“我在淋雨 等风也等你”,5101,抖音兵权
/playlist?id=5258391897,我听，你听 (2),4677,凡宇Felix
/playlist?id=4982963602,“念旧的人就像个拾荒者”,40万,我该去见你了
/playlist?id=5337581357,难 过 要 藏 起 来 | 民 谣 歌 单,40万,KIND_CQ
/playlist?id=5009434579,如果你也喜欢李荣浩,31045,火星小卖部
/playlist?id=5245022972,Tony老师，做头发时放点R&B听呗,38万,蜜糖男孩
/playlist?id=5199705714,Youtube精选丨制霸油管的华语金曲,11万,云音乐VIP
/playlist?id=5213037603,流行歌手Bahtiyar&Zulmira,11万,Reyimjan-Abdukeyum
/playlist?id=5022413817,不一样的烟火，一样可以绽放！,34万,苏奕杰
/playlist?id=5217209397,热血张杰 | 听！那些点燃梦想的励志歌声,34万,网易云音乐
/playlist?id=5079142193,承诺只有履行了才会变得有意义,10万,暮徐
/playlist?id=5324875729,一转眼秋天成了故事，冬天成了风景,207万,情思天鹅
/playlist?id=5015766497,笨蛋，很失落吧,84万,长夜看海
/playlist?id=5356476688,Guzalnur Kurban 全歌曲合集【继续更新】,23203,AbdurusulObul
/playlist?id=5227534292,厂牌精选 | 404Rapper,23073,云音乐说唱专区
/playlist?id=5135567486,强颜欢笑丨你的面具下是否也藏着一颗玻璃心,72万,原创君
/playlist?id=5324638854,“所以爱会消失的对吗”,27万,窥尽人间遗憾
/playlist?id=5155756186,精选｜好听的翻唱没有完整版,26万,情感文字君
/playlist?id=5339952275,华语温暖丨初冬抚慰人心的暖歌,3358,幻菱君
/playlist?id=5240398415,光影交错之际 再次拥抱你 | 硬地新歌Vol.12,25万,硬地原创音乐榜
/playlist?id=5240464747,2020第十一届金音奖完整入围名单,24万,陈北及
/playlist?id=5305644899,国风说唱｜堂堂中国要让四方来贺,3295,香蕉之城
/playlist?id=5272531068,Emo Rap|丧 到 极 致 与 君 共 勉,61万,赛因Sin
/playlist?id=5104138549,好听且抚慰人心的音乐,77728,白咿呀白
/playlist?id=5363176561,民谣。碌碌謀生 謀其所愛,123,暴躁的小獅子給你一jio
/playlist?id=3114993262,希望 你也曾遗憾过,52万,望你眼中风起
/playlist?id=5303611370,YOLO Live house,118,BassJan
/playlist?id=5238995017,说唱＾ ＾（在夜晚很丧的时候听的歌）！,114,会是你的小超人
/playlist?id=5363931652,世间情愫，都在这里了,17万,贾嘉葭_
/playlist?id=5329617120,容易被忽略的好歌推荐（持续更新中,110,光荣____
/playlist?id=5358462936,还是喜欢百事可乐,114,想娶焦菲菲吖
/playlist?id=5324400642,你曾说过会永远爱我,2581,智贤哇
/playlist?id=4980658163,《金刚川》电影原声大碟,59214,小薛鸭鸭
/playlist?id=5248164364,希望通过努力 在这个时代留下厉害的痕记,40万,螚安Vivienne
/playlist?id=5049855015,撩人音色/男友音哄你入睡,53771,旺仔不是牛奶ovo-
/playlist?id=5219046512,牵 手， 相 守， 白 首。,15万,我自清欢丨被嫌弃的唐唐的一生
/playlist?id=5320749241,11月水星顺行，宜与天蝎共坠爱河,36万,蜜糖男孩
/playlist?id=5349307028,在这个年纪也许不配拥有爱情,36万,KIND_CQ
/playlist?id=5215461130,华语说唱：在歌词里感受苦甜人生,142万,情思天鹅
/playlist?id=5300069588,你像蒲公英一样散开，此后到处都是你的模样,12万,foreverallin
/playlist?id=5034582425,「你很特别」致世上独一无二的自己,65万,原创君
/playlist?id=5135315071,热情终将会被辜负,29万,决劣
/playlist?id=5372720930,12月好事正酿，大家都要如愿以偿,299万,念念念安娜
/playlist?id=5354264468,EDM&说唱电子伴奏,91,BECU_MUSIC接混音定制
/playlist?id=3062096932,值得单曲循环的歌曲,25万,情感文字君
/playlist?id=5364237459,窦靖童的歌单from着调专访,96,03012891
/playlist?id=5206333348,古风热歌DJ版：蹦迪修仙两不误,24万,真咸鱼饼干
/playlist?id=5225785015,「国风堂」伴奏合辑,1846,国风堂音乐企划
/playlist?id=5308536192,《成化十四年》背景音乐,1863,陈恒他呀喜欢你
/playlist?id=5272491546,[ 单 曲 循 环 ] 一 世 情 话 赠 你.,48万,赛因Sin
/playlist?id=5365269384,一起走吧，去看你梦中澎湃的海,1615,看瓜的少年与猹
/playlist?id=5366029073,宋声声——&I will be with you forever,83,遇江辞
/playlist?id=5361843251,美术联考必胜歌单,83,飛鴻所長
/playlist?id=5154681301,华语|因为遇见你，浩瀚星辰皆降为尘,136万,大肥猫好可爱哟
/playlist?id=5147139279,中国好声音2020｜勇敢唱响梦想旋律,19万,苏奕杰
/playlist?id=5214146127,秘密情绪交换所 丨 硬地原创8月榜,18万,硬地原创音乐榜
/playlist?id=5125084631,精选丨温柔的宝藏女声,29835,温差感
/playlist?id=5259050984,毕拉勒BilalEnwer,28037,Yakupjan-Official
/playlist?id=5205316540,夏天悄悄溜走，我还来不及道别,36万,蜜糖男孩
/playlist?id=5363868927,一夜之间 | 我的心似乎判若两人,17万,贾嘉葭_
/playlist?id=5217204733,先锋张杰 | 一起感受MIX-POP的魅力,17万,网易云音乐
/playlist?id=5357800543,星光暗淡谁又会是是我的救赎,78,划走你就草率了
/playlist?id=5331810456,姐姐的爱乐之程 歌曲及原曲 全收录,7760,招摇芷嫣-琉璃-司凤璇玑szd
/playlist?id=4982001726,光是抓不住的 雾也总会散的,33万,长夜看海
/playlist?id=5055687050,就此别过丨人生不过是一段不停告别的旅程,62万,原创君
/playlist?id=5352497878,圣诞节中国人应该听的歌曲,7714,安阳汪涛
/playlist?id=5310293527,“一起来吹晚风叭”,1317,湫小兮-
/playlist?id=4994543833,人是不会愧疚的 遇到好的 谁还记得你是谁,30万,决劣
/playlist?id=4982373805,从前你穿越风雨都会仓促见一面,28万,望你眼中风起
/playlist?id=5076584626,只是怕错过在一起叫梦,6945,凭什么后来者_居上阿
/playlist?id=5327027365,让我们带着感恩与善良，拥抱阳光温暖前行,12万,獨鎵誋憶
/playlist?id=5302223954,亲爱的麻洋街∣OST,1199,雨曦儿nine
/playlist?id=5253311101,和生活对抗时，还总想抽空喝杯奶茶,46万,念念念安娜
/playlist?id=5300111406,愿你走出半生，归来仍然满眼星辰,12万,foreverallin
/playlist?id=5272517047,精 选丨 超好听单曲循环,44万,赛因Sin
/playlist?id=5219049682,我喜欢你，不是情话，是心里话！,11万,我自清欢丨被嫌弃的唐唐的一生
/playlist?id=5298854979,加油打工人！平凡者亦可谱写绚丽篇章,23万,真咸鱼饼干
/playlist?id=5189102894,请保持眉梢跳跃，有人待你对视,11万,我该去见你了
/playlist?id=5104187312,国风说唱| 江湖江山各半生,47849,白咿呀白
/playlist?id=5177226800,Gittar Nahxilir吉他歌曲,47181,Reyimjan-Abdukeyum
/playlist?id=5310278737,一个天枰座的民谣歌单,5378,橘子色系
/playlist?id=5245856262,生命只有一次，你要活得淋漓尽致,64万,情思天鹅
/playlist?id=5351291948,2020中国好声音原唱大碟,46967,云音乐VIP
/playlist?id=5367107706,宋亚轩｜ 全能门面颜霸主唱,67,颂星灯
/playlist?id=5017466317,浪漫说唱 | 隐藏于音乐间的抒情诗人,58万,原创君
/playlist?id=5344201727,愿你无论喜忧，都能坦然以对,897,总裁小妾
/playlist?id=5334363156,张婧之｜我的心事都在歌词里,939,张婧之
/playlist?id=5355270140,“爱意东升西落”,4572,有人弄乱了玫瑰-
/playlist?id=5360247454,“她不会站在原地等你”,918,错过那缕白月光
/playlist?id=4994581146,总是不长记性的过分期待,25万,决劣
/playlist?id=5349205958,我差点以为这辈子就是你了,13万,KIND_CQ
/playlist?id=5308240190,新生代Rapper名录,12917,云音乐说唱专区
/playlist?id=5300101606,深夜向| 人间悲喜不相通,11万,foreverallin
/playlist?id=5202937505,以歌叙情|在平凡的生活拥抱自己,21万,三亿资产肥治
/playlist?id=5260950653,时光穿梭 | 写一首名为往事的诗寄往青春,56万,原创君
/playlist?id=5251503454,【为你写歌】那些被用作歌名的芳名,11296,生于世间不由我
/playlist?id=5219023822,"how are you  “i'm fine. """,11万,我自清欢丨被嫌弃的唐唐的一生
/playlist?id=5293591065,万事胜意，享受拼单的快乐！,31万,念念念安娜
/playlist?id=5322238208,我听，你听（3）,3211,凡宇Felix
/playlist?id=5339998253,初冬暖歌｜一缕阳光冲调的温暖,3148,幻菱君
/playlist?id=5326454936,《姐姐的爱乐之程》音频全收录,92885,网易云音乐
/playlist?id=5237506999,2020年凤凰/仙人掌/草莓音乐节抢鲜听,44510,云音乐VIP
/playlist?id=5186614413,【全民K歌】那些好听的翻唱,20788,旺仔不是牛奶ovo-
/playlist?id=4994783490,治愈良药 | 每种情绪都应该得到抚慰,55万,原创君
/playlist?id=5104174752,说唱丨心动就在一瞬间,41708,白咿呀白
/playlist?id=5323071232,再 见 你 也 会 眼 红,19679,一片孤叶行舟
/playlist?id=5337360642,华语集 | 200首歌曲循环了整个青春时代,44,爱睡的小王
/playlist?id=5122977670,夏日限定丨消暑小调 一曲解忧,54万,原创君
/playlist?id=5373450418,总有人后来居上,31939,窥尽人间遗憾
/playlist?id=5338270787,霄磊丨国风极乐世界,42,李小笨LXB
/playlist?id=5352566036,元旦来了 春节还远吗,6008,安阳汪涛
/playlist?id=5305808777,厂牌精选 | Free-Out,11720,云音乐说唱专区
/playlist?id=5250484047,寂寞无害 | 告别所有未曾说出的喜欢,50万,原创君
/playlist?id=5326473174,2020太湖迷笛跨年夜,305,迷笛
/playlist?id=5341459485,没来得及说抱歉，你已经不在身边,10036,小攀哟
/playlist?id=5249051281,如今最好丨与你毫无保留的青春恋曲,48万,原创君
/playlist?id=5372593094,她说万幸得以相识,31880,窥尽人间遗憾
/playlist?id=5364434197,Old School｜说唱就听最纯正的老学校,33611,云音乐VIP
/playlist?id=5271528661,第31届金曲奖入围及获奖音乐人作品,3875,施词
/playlist?id=5251637416,【戏腔古风】戏已开腔 八方开听,7714,生于世间不由我
/playlist?id=5307278357,孤独患者| 无人的慵懒 坠落在朦胧夜色里,47万,原创君
/playlist?id=5301613469,等不到你我有多难过,53951,长夜看海
/playlist?id=5352426611,耗尽-执迷不悟-天外来物-会不会-说散就散,191,夜晚十点二十分我们相知
/playlist?id=5305611899,川渝说唱｜像火锅一样让你血脉喷张,1090,香蕉之城
/playlist?id=5213031406,一起甜滋滋 | Rapper唱情歌 想给你快乐,47万,原创君
/playlist?id=5340053259,【伤感情歌】爱到分时，才显珍贵,2850,幻菱君
/playlist?id=5323026622,为你倾尽所有温柔,11124,一片孤叶行舟
/playlist?id=5373421574,“爱意东升西落”,32053,窥尽人间遗憾
/playlist?id=5356927954,失恋就像一场悲伤的电影,5857,安阳汪涛
/playlist?id=5228757936,贩卖星河 | 璀璨夜色 星星躲进耳蜗,44万,原创君
/playlist?id=5135617732,星座限定丨狮子座的专属音乐世界,26962,云音乐VIP
/playlist?id=5320003158,不完美人生指南｜拥抱最真实的自己,15778,苏奕杰
/playlist?id=5046606025,独处时光里被私藏的温柔女声,44万,原创君
/playlist?id=5305818730,厂牌精选 | NOUS UNDERGROUND,7680,云音乐说唱专区
/playlist?id=5373497049,“最是人间惊鸿处”,31536,窥尽人间遗憾
/playlist?id=5338970529,浪漫就好 | 狙击心灵的温柔男声,42万,原创君
/playlist?id=5251729421,【三字古风】静水流深，沧笙踏歌,7264,生于世间不由我
/playlist?id=5253397725,单曲循环的神仙翻唱,11981,白咿呀白
/playlist?id=5351314802,不谓侠丨斗罗大陆丨好运来丨晴雅集,544,智贤哇
/playlist?id=5260959300,不羁摇滚 | 震碎郁闷 乏味生活的能量剂,38万,原创君
/playlist?id=5210598209,秋天，让我摘下一片思念送给你,571万,三亿资产肥治
/playlist?id=5299469879,和你一起看烟火｜你的喜怒哀乐我都不想错过,36万,原创君
/playlist?id=5339951265,【华语治愈】温柔女声，温暖你心,2795,幻菱君
/playlist?id=5356940097,【校园金曲】光华中学初一学生歌单,5513,安阳汪涛
/playlist?id=5354580312,喜欢是毫无理由的护短和潜意识的偏爱,414,砚青钦墨
/playlist?id=5224525946,女孩万岁 | 敢爱敢恨 肆意生长,36万,原创君
/playlist?id=5227501773,厂牌精选 | Gosh,6966,云音乐说唱专区
/playlist?id=5372597354,“关于我们 皆是遗憾”,100,孤独与我独享
/playlist?id=5176676952,【华语·伤感】关于ta的故事只能藏在心里,337万,三亿资产肥治
/playlist?id=5203381181,情话博物馆 | 悄悄话只想对你说,34万,原创君
/playlist?id=5186599723,情歌两三首 | 爱情里残缺完整的时刻,34万,原创君
/playlist?id=5310228238,华语| 唱不尽的回忆，抚不平的伤,9226,白咿呀白
/playlist?id=5275715354,明月曾照江东寒 电视剧原声带,973,招摇芷嫣-琉璃-司凤璇玑szd
/playlist?id=5348131930,大雾四起 我在无人处爱你,1044,我有一堆好歌单
/playlist?id=5262438368,态度说唱 | 跟着节拍 摆出最SWAG的姿势,33万,原创君
/playlist?id=5362571203,刘大壮/王巨星/是你的垚/颜人中/王泽科,19,言樊樊樊
/playlist?id=5218976950,网易云都知道我天天偷看你,209万,我自清欢丨被嫌弃的唐唐的一生
/playlist?id=5174144091,回忆似火 | 留驻心间点燃你我,32万,原创君
/playlist?id=5352462873,【朋友的歌】兄弟呀 我想你了,5294,安阳汪涛
/playlist?id=5281613312,追人的步骤，分享一首甜歌然后一起听,207万,流年忧光影
/playlist?id=5371123551,冬天，想离晶莹的雪花和喜欢的人更近一些,207万,浪漫仅供参考
/playlist?id=5289270645,超Slay女声丨一开口便魅惑众生,30万,原创君
/playlist?id=5237302650,繁花看倦 | 梦里白鹤 再未涎红妆,25万,原创君
/playlist?id=5252922758,恋爱假期！在音乐里开启一程浪漫之旅,138万,-情殇雨夜-
/playlist?id=5310242439,行走| 在路上,7483,白咿呀白
/playlist?id=5201423472,别气馁，好运就在下个转弯等你,133万,驴子鬼
/playlist?id=5352552191,有钱没钱 回家过年,5273,安阳汪涛
/playlist?id=5146978455,不自卑也不炫耀，不动声色地变好,131万,砚青钦墨
/playlist?id=5348769853,等你回电｜循环与你的情歌频道,23万,原创君
/playlist?id=5326389883,2021太湖迷笛新年室内音乐节-清舞台,150,迷笛
/playlist?id=5350512347,挥别过往 | 只是为了与更好的自己相遇,122万,冰镇桃子酱
/playlist?id=5361888334,仅你可见 | 我的温柔都是关于你啊,22万,原创君
/playlist?id=4888236233,说好了我们一起听网易云的?,125万,青城山下小道
/playlist?id=5214420121,中文说唱 华人金曲 （个人心目最佳）,117万,littlesaoboy
/playlist?id=5258639778,假期宅家听歌指南 |听听音乐 享受静谧时光,111万,柠檬木有枝
/playlist?id=5373110437,脸红的青春期丨如果暧昧有形状，是你的模样,20万,原创君
/playlist?id=5248033632,秋天适合思念，更适合相见,109万,_狗十三-
/playlist?id=5356947108,【民歌情怀】不是只有流行摇滚和民谣,5294,安阳汪涛
/playlist?id=5198206493,经典华语最热歌曲，最耳熟，听到旋律就哼起,101万,洋僷君
/playlist?id=5293238995,祝我们都能在鸡零狗碎里找到闪闪的快乐,95万,她的水彩笔
/playlist?id=5321078694,经典台剧原声 | 一曲重回偶像剧之巅,4333,云音乐VIP
/playlist?id=5354177755,《将进酒》广播剧BGM/同人曲,49,Tourdon
/playlist?id=5218401672,国粤双生花│一首触动，一首沦陷,90万,Evelauren
/playlist?id=5317504408,宝藏Hiphop | 藏在光鲜后的真实,15万,原创君
/playlist?id=5358490779,当这个冬天初雪下起时，记得要亲吻喜欢的人,74万,后原
/playlist?id=5356793703,【大陆摇滚】骨灰级早期音乐梦,5278,安阳汪涛
/playlist?id=5359371126,误入声林｜与相似的独立灵魂相遇,13万,原创君
/playlist?id=5364603297,我终于失去了你（翻唱）,662,我有一堆好歌单
/playlist?id=5322670223,我承认挺喜欢你的，但你总让我不开心,67万,念念念安娜
/playlist?id=5262741865,社恐患者 | 言不由衷，耳机是情绪的避风港,66万,olly的牙缝
/playlist?id=5354561654,你未必光芒万丈，但始终温暖有光,204,砚青钦墨
/playlist?id=5262000843,乘阵秋风 | 满载音乐好心情 阳光装进耳朵里,63万,空气很颓废
/playlist?id=3143919874,我是百变酒精不是百变小樱,59万,我是百变酒精不是百变小樱
/playlist?id=5356791692,【古城老街】回家的方向,5198,安阳汪涛
/playlist?id=5283878107,那个曾陪你听过歌的人还在身边吗,58万,螚安Vivienne
/playlist?id=5349287264,深冬如期而至 你却姗姗来迟,57万,KIND_CQ
/playlist?id=5239161826,路过山水万程，祝自己与温柔相逢,55万,甜氧i
/playlist?id=5223531773,路过人间|希望有一个人能温暖读懂你的孤独,54万,后原
/playlist?id=5332057487,网易云精选伤感歌单,69万,夜晚十点二十分我们相知
/playlist?id=5363080074,那些好听到爆炸的说唱,92,夜晚十点二十分我们相知
/playlist?id=5278515741,祝我们都能在鸡零狗碎的生活里找到快乐,54万,真爱喝柠檬茶
/playlist?id=5319414848,世间的温柔皆如干净的云朵和你,53万,虚空第一美少女
/playlist?id=5356939363,【大陆经典】老歌从不会被遗忘,5206,安阳汪涛
/playlist?id=5214827050,解不开的心结就把它系成蝴蝶结8,46万,流年忧光影
/playlist?id=5184096781,都市青年 | 每个人心里都有一座城,42万,真爱喝柠檬茶
/playlist?id=5356902376,生命太平淡追个梦想玩一玩,5181,安阳汪涛
/playlist?id=5189450983,秋日物语：秋天请给我一个橘子味的拥抱吧,41万,浪漫仅供参考
/playlist?id=5355193379,让你一眼泪目的网易云评论,41万,一眼泪目的歌单啊
/playlist?id=5180098422,Madilyn：我最爱的中文歌,40万,MADILYN_official
/playlist?id=5203018144,旋律一响起，仿佛回到当年追剧的美好时光,37万,李长歌lucky
/playlist?id=5356868449,刻骨铭心：大梦过后就与往事道别,39万,猫咪喵喵嘻嘻嘻
/playlist?id=5353284493,【余音绕梁】此曲只应天上有,5160,安阳汪涛
/playlist?id=4913874410,2020影响世界抗疫歌曲100首，必将载入史册,37万,Jesse-Qian
/playlist?id=5243437788,【伤感歌曲】这些虐心疗伤的伤感情歌,35万,谢挺挺
/playlist?id=5356881172,治愈华语丨终于，也给爱情放个假,38万,猫咪喵喵嘻嘻嘻
/playlist?id=5356863578,淦！重拾你的追梦调心剂,36万,猫咪喵喵嘻嘻嘻
/playlist?id=5315547722,撕心裂肺的网易云,35万,小懒名字被占用
/playlist?id=5339352439,「华语流行」化鸭力为动力，每天给自己打气,33万,我自清欢丨被嫌弃的唐唐的一生
/playlist?id=5356910261,【只为见你】像春风走了八万里 ,5164,安阳汪涛
/playlist?id=5219051103,“舍得让你难过的人 能有多喜欢你”,35万,我自清欢丨被嫌弃的唐唐的一生
/playlist?id=5184872869,今夜鹊桥搭起，只为你我相遇,32万,蜜糖男孩
/playlist?id=5356801969,喂！一起追寻美好事物吧,34万,猫咪喵喵嘻嘻嘻
/playlist?id=5348219627,惊醒的凌晨比失眠的夜难熬,351,我有一堆好歌单
/playlist?id=5356848812,“ 频 频 回 头 真 的 很 掉 价 ”,33万,猫咪喵喵嘻嘻嘻
/playlist?id=5356838985,请成为永远疯狂永远浪漫永远清澈的存在,33万,猫咪喵喵嘻嘻嘻
/playlist?id=5356804840,傍晚轻抚的微风和落日黄昏晓,34万,猫咪喵喵嘻嘻嘻
/playlist?id=5356886207,【怀旧情歌】都是和你一起听过的歌,5156,安阳汪涛
/playlist?id=5218963857,你问我什么是孤独 这就是孤独,31万,我自清欢丨被嫌弃的唐唐的一生
/playlist?id=5184972268,寒冬恋曲：这一生关于你的幸福,30万,北鹤君
/playlist?id=5356779968,天总会亮的，没有太阳也会亮的,34万,猫咪喵喵嘻嘻嘻
/playlist?id=5055598452,精选 • 高级品味的华语歌单｜持续更新,30万,水星先生STAR
/playlist?id=5356809731,华语丨山海的浩瀚，宇宙的浪漫,33万,猫咪喵喵嘻嘻嘻
/playlist?id=5189703608,热烈的夏天太短 | 每一秒都值得热爱.,30万,圈圈的呆子
/playlist?id=5356883268,【众志成城】汇聚每个心灵遇见美好明天,5126,安阳汪涛
/playlist?id=5185547521,给你一张过去的CD，听听那时的我们,29万,沁音依梦
/playlist?id=5166691564,空巢青年｜我们活成了城市里最倔强的人,27万,时光如水你好
/playlist?id=5314520823,做一个温柔的人，温暖悠悠岁月,26万,dellydog
/playlist?id=5184897485,人生中三十个最幸福的瞬间，你经历过几个？,26万,予妳晚风
/playlist?id=5356867204,睡不着的人就是一本发黄的故事书,5118,安阳汪涛
/playlist?id=5190030479,经典励志歌曲精选(积极向上、正能量),26万,圈圈的呆子
/playlist?id=5094420239,网易云热歌，覆盖全人类,26万,桑乔维塞
/playlist?id=5273248925,天气渐冷，你能不能比冬天早点来到我身边,24万,望你眼中风起
/playlist?id=5319647851,学会及时止损 多去捕捉快乐,784,mayuko然
/playlist?id=4974405358,2000~2020历年华语神曲,25万,蚕豆音乐娘
/playlist?id=5227810379,民谣 | 熬不过世俗的普通人,26万,一颗豆子douzi
/playlist?id=5356855374,不以让人听懂为目标的歌曲都是好孩子,5097,安阳汪涛
/playlist?id=3220996241,60 70年代经典老歌,23万,当当当呸
/playlist?id=5324358183,有时生活给你苦难，是在铺垫浪漫,22万,宇宙播报机
/playlist?id=5226345433,生活里的音乐轨迹『酸甜苦辣』,22万,一颗豆子douzi
/playlist?id=5228977035,『我对你的思念都偷偷放在歌里』,22万,一颗豆子douzi
/playlist?id=5224995306,恋爱的活力『保持快乐旋律』,24万,一颗豆子douzi
/playlist?id=5258059819,阴天避难所 | 将所有坏情绪拒之门外,22万,-KooTo-
/playlist?id=5228687996,愿你生活常温暖，日子总温柔又闪光,21万,一颗豆子douzi
/playlist?id=5186961644,「声控」男友音/磁性/奶狗青年/霸道/甜,20万,旺仔不是牛奶ovo-
/playlist?id=5299048213,说唱｜大雾散去我爱你人尽皆知,20万,野原新之木-
/playlist?id=5224819797,你呀~是我心中乱撞的小鹿,19万,一颗豆子douzi
/playlist?id=5321572312,《姐姐的爱乐之程》泉州站路演,19万,网易云音乐
/playlist?id=5252043632,说唱新世代 | 毕业快乐！！！,19万,cckaito
/playlist?id=5185546287,六便士很多 月亮只有一个,18万,梅格妮-妮
/playlist?id=5247458626,【治愈系情歌】独一无二的治愈,18万,谢挺挺
/playlist?id=4891533025,【227大团结】美好的东西是不会死的,18万,采薇采薇w
/playlist?id=5203314824,好听到爆的 | 中文rap,17万,圈圈的呆子
/playlist?id=5219101108,有哪些微甜的情话？,17万,我自清欢丨被嫌弃的唐唐的一生
/playlist?id=4918380710,全球1000首宝藏音乐Pro(接近1000首歌曲了),16万,一个热爱音乐的少年_
/playlist?id=5194567165,最值得你循环的【宝藏歌单】~VOL.FOEVER,16万,邪恶的两面范儿
/playlist?id=5326389761,［情侣专属］入目无他人四下皆是你,15万,被嫌弃的唐唐的一生
/playlist?id=4870059817,怀旧老歌（适合中老年人听的歌）,15万,我的一亩半分地
/playlist?id=5247537439,我曾|唱透了回忆，模糊了心声,15万,谢挺挺
/playlist?id=5229918324,单曲循环的歌里都是遗憾,13万,坤坤又抑郁了
/playlist?id=5304765656,晨起唤醒温柔唤醒【驾车心情舒畅】,12万,环球音乐排行榜
/playlist?id=5203381781,华语嘻哈 | 刺激你的肾上腺,12万,圈圈的呆子
/playlist?id=5363137627,你就委屈点，答应和我在一起好不好,435,情思天鹅
/playlist?id=5203650587,【华语说唱】遇见你是我的一场盛宴,12万,圈圈的呆子
/playlist?id=5097936949,她是有多好，才能让你忘了我的好,12万,就算那又如何
/playlist?id=5203647472,火爆的 | 中文说唱你值得拥有,12万,圈圈的呆子
/playlist?id=5327015611,【曲终人散】分手必听,12万,生于世间不由我
/playlist?id=5203326718,华语说唱 | 让你无法自拔,11万,圈圈的呆子
/playlist?id=5300092654,冬日午后 | 闲散的民谣歌曲,11万,foreverallin
/playlist?id=5300103385,民谣在路上 | 细数那些动听的民谣歌曲,11万,foreverallin
/playlist?id=5352776096,《姐姐的爱乐之程》成都站路演,11万,网易云音乐
/playlist?id=5219029426,这个世界真好，每天都有不同的难过,11万,我自清欢丨被嫌弃的唐唐的一生
/playlist?id=5218997681,你有没有等过一个人的消息？,11万,我自清欢丨被嫌弃的唐唐的一生
/playlist?id=5218976937,连伤心都找不到像样的理由来,11万,我自清欢丨被嫌弃的唐唐的一生
/playlist?id=5219052545,每一个夜晚都有月亮陪我难过,11万,我自清欢丨被嫌弃的唐唐的一生
/playlist?id=5219050459,走不进去的世界就掉头离开,11万,我自清欢丨被嫌弃的唐唐的一生
/playlist?id=5247478184,【影视配乐】国内神级影视纯音乐,11万,林赵明
/playlist?id=5098827893,用我声音·治愈你的殇,10万,SG丶我叫张坏坏
/playlist?id=5219010148,他不爱你 你就自己爱自己,10万,我自清欢丨被嫌弃的唐唐的一生
/playlist?id=4972057148,我是唱作人2 | 张艺兴❤️收录,10万,小薛鸭鸭
/playlist?id=5367615887,12月啦，希望每个冬天都会有奇迹出现,125,螚安Vivienne
/playlist?id=3184557650,网易云古风精选TOP100,10万,蚕豆音乐娘
/playlist?id=5209446688,半生浮沉，归来少年,99320,浠维Laraine
/playlist?id=5224366169,KTV必点歌曲【精选】,94565,我没放弃1804
/playlist?id=5274437634,精选｜评论10w+单曲循环歌曲,96086,凭什么后来者_居上阿
/playlist?id=5138362334,深夜难逃网易云.,91428,到点就哭_的發財
/playlist?id=5219062150,日 定 计 划 : 今 晚 别 哭,88480,我自清欢丨被嫌弃的唐唐的一生
/playlist?id=5230174337,人海漂流记｜城市偌大而孤单，愿你常有人伴,86279,格格酱GG
/playlist?id=4889141837,100w+ 评论里的故事♡,86262,林苏想炸学校
/playlist?id=4880455262,全球高考/地球上线/19天/死亡万花筒/子夜鸮,85548,NECROMAN林柒
/playlist?id=5349200976,清 醒 的 人 最 荒 唐,12万,KIND_CQ
/playlist?id=5332567987,「治愈」所有的不期而遇都是努力的见证,83675,虚空第一美少女
/playlist?id=5363047541,伤感说唱 | 偏爱便是救赎,44,夜晚十点二十分我们相知
/playlist?id=5169998034,『超10w热评歌曲』别听，会哭的。,82713,小黑豪吖
/playlist?id=4928288332,广播剧《如果月亮不抱你》歌曲集,69126,浮梦若薇
/playlist?id=5354916416,失控-井迪儿 爱不能只靠感动 茫-蓝心羽,86203,白净亭
/playlist?id=5187670420,华语｜生活细碎万物成诗，今晚月亮分你一半,62687,施词
/playlist?id=5332519878,睡眠轻音乐，让每天都坏心情在睡前清零,59218,虚空第一美少女
/playlist?id=5332538596,轻音乐 | 愿你以渺小启程以伟大结束,54804,虚空第一美少女
/playlist?id=5142345309,【流行歌】每一个音符都在当下传唱！,54497,二岁的哆啦
/playlist?id=5227550261,厂牌精选 | 活死人,54262,云音乐说唱专区
/playlist?id=5353428359,2020只剩一个月，别让过去还是那个过去！,65,小攀哟
/playlist?id=5289104797,独立 | 红着脸分享的老旧的浪漫,50033,祖安第一文明选手
/playlist?id=3013833025,黑胶vip专属华语会员歌单(持续更新中),52032,FYC2026
/playlist?id=5049802115,那些甜到心底的奶狗男友音.,47979,旺仔不是牛奶ovo-
/playlist?id=5295719360,小猪佩奇动画原声合集,45325,云音乐亲子频道
/playlist?id=5132505825,入夜感伤 | 与你的过往浮现眼前,42616,就算那又如何
/playlist?id=5305128393,蒙面唱将猜猜猜第五季歌曲合集,42431,是宝贝啊_
/playlist?id=5187772078,华语｜清欢山水间，莫做笑花人,40864,施词
/playlist?id=5309574872,一个天蝎座的听歌列表,38693,Summer丶逃世
/playlist?id=5371886573,精选 | 网络热歌|伤感情歌,37093,Kaysarofficial
/playlist?id=5251589907,卢卢快闭嘴翻唱合集,35425,黑小孩C_
/playlist?id=5369145150,【精选】Trap 、New school 说唱伴奏 Beat,33539,西蒙的孩子
/playlist?id=5314435460,『国风民谣』浮生有梦三千场穷尽千里诗酒慌,32468,戴盡欢
/playlist?id=5187523871,华语｜总有良辰可待，山海不再远,25698,施词
/playlist?id=5247036825,那些一听就耳熟的影视原音,24850,七亿姑娘的梦
/playlist?id=5342079591,易烊千玺后座剧场（猜）,23657,冰上有只企鹅崽
/playlist?id=5371575416,你逆光而来 配得上这世间所有的好,128,mayuko然
/playlist?id=5270353339,AG百家乐追龙,21838,亚博电竞
/playlist?id=5220822082,你单曲循环次数最多的歌是什么？,21683,LiK-小鱼
/playlist?id=5239845967,《沉默的真相》网剧〖原声收录】,21469,Cosmos0717
/playlist?id=5305652673,陪 你 过 冬,20314,Fahixiki-
/playlist?id=5302224441,哪有什么一夜成名 只是比别人更努力,19906,安阳汪涛
/playlist?id=5327945053,闲来无事听听流行,18562,抱抱别难过嗷
/playlist?id=5306414442,流星划过那些一唱成名的女人,19016,安阳汪涛
/playlist?id=5251740491,【暗恋】窗外下着雨，我没看雨，你没看我,18495,生于世间不由我
/playlist?id=5227547285,厂牌精选 | SUP Music,17197,云音乐说唱专区
/playlist?id=5337627280,超级飞侠动画原声合集,17668,云音乐亲子频道
/playlist?id=4888624525,Awm绝地求生广播剧,16664,沐凛尘枫
/playlist?id=5008686418,网易云伤感音乐,16080,MQ小梦琦丶
/playlist?id=5183655171,听一场伤感情歌，诉一段难解之情,15555,shenshiai
/playlist?id=5215565108,不曾遗忘的符号,15257,楛木縫春
/playlist?id=5200600285,TFBOYS七周年【日光旅行】完整歌单,14740,不吃芒果的螃蟹
/playlist?id=5187706907,华语｜愿你做自己的太阳，与山川湖海为伴,14043,施词
/playlist?id=5337338657,时间给足了我失望.,14018,_浅原启度
/playlist?id=5256188713,中 -文-艺-术「你喜欢的都有」,13946,秋chill的首席推歌官
/playlist?id=5310034728,喝完酒就会唱到天亮的歌,14018,安阳汪涛
/playlist?id=5315548699,2020年10月小秘书新歌推荐,13623,云音乐小秘书
/playlist?id=4969438601,Cover/小头菜/皮卡丘多多/千里狗/陈阳/...,13484,FFsk_000
/playlist?id=5187690155,华语｜始于心动，终于心痛,13094,施词
/playlist?id=5187778058,华语｜回到一切开始时，为你再心动,12775,施词
/playlist?id=4952125616,【高中必背曲目】古风曲背古文 奇然/沈谧仁,12237,曲儿君今天超过jyh了吗
/playlist?id=5289919044,唱給我远方的姑娘,11725,肆玖新青年
/playlist?id=5289275190,华语治愈 | 愿你一生被温柔以待 且行且珍惜,10822,爱听歌的决
/playlist?id=5323819488,『伤感歌单』所以...你相信爱情吗？,10649,小黑豪吖
/playlist?id=5339166166,夜晚‖cover耳熟的翻唱,10381,xiaowei睡不醒
/playlist?id=5357553549,只要她，只许她，只能她,10284,林大大的网易云音乐
/playlist?id=5346687048,华语民谣| 孤独的心诠释诗意和远方,10196,Ali-Habar
/playlist?id=5252911999,长生叹-剧本BGM,10809,兔子先生1808
/playlist?id=4876998263,∥茜色诗集∥ ∥折纸信笺∥,10633,余乾没有钱_
/playlist?id=5338702371,薛之谦｜林俊杰｜李荣浩｜陈奕迅,11657,仙女爱吃香菜_
/playlist?id=5337496020,即使不见面不聊天不联系 那个位置也还在,9528,爱睡的小王
/playlist?id=5352432756,深夜网易云伤感音乐,17529,夜晚十点二十分我们相知
/playlist?id=5290534425,2020最火歌曲盘点,8457,是一颗葡萄哇
/playlist?id=5140229655,网易云辅助伤感音乐,9360,孤独与我独享
/playlist?id=5341122563,占有欲让你很心累吧,7042,事也-
/playlist?id=5348729571,做自己喜欢的事很重要,7399,安阳汪涛
/playlist?id=5354962980,民谣||不一定有故事 但一定有心事,6139,Monica--莫妮卡
/playlist?id=5253146317,纠缠无意|是你生性孤独才热爱辜负.,5609,那又如何比你好过
/playlist?id=5256925138,回忆太苦|如果再有相遇也想拥你入怀抱.,5538,那又如何比你好过
/playlist?id=5120364784,斗罗大陆主题曲,5693,alllll_h
/playlist?id=5377737228,要悄悄努力 去惊讶那个埋在心低的人,5063,正经人_Z
/playlist?id=5312034559,EPIC—哒哒哒哒哒哒,4967,飘逸随风起
/playlist?id=5356909277,【榜单收藏】热歌都在这里 随机更新,5139,安阳汪涛
/playlist?id=5308475832,说唱新世代收录合集,4249,-不是本人哎
/playlist?id=5247332955,刻在你心底的名字 电影原声带,4223,渝曉曉
/playlist?id=5370355634,心中已有你，怎能装别人。,4081,爱睡的小王
/playlist?id=5305630660,旋律说唱｜余音绕梁，三日不绝,3971,香蕉之城
/playlist?id=5241631423,我最满意的歌就在这了,3665,6_Fred
/playlist?id=5351636869,在逃凡尔赛精英の集结,3379,空虚小编
/playlist?id=5296161356,好听又熟悉的中文歌,3404,倾聚
